Sample_ID;Sample;Deposit;Nature;Zone;Class;CL;F_pct;Si_pct;Mg_pct;Na_pct;Ca_pct;P_pct;Cl_pct;Fe_pct;Mn_pct;Ce_pct;La_pct;Nd_pct;B_ppm;Mg_ppm;Si_ppm;P_ppm;Ca_ppm;Sc_ppm;Ti_ppm;V_ppm;Mn_ppm;Fe_ppm;Ga_ppm;Ge_ppm;As_ppm;Rb_ppm;Sr_ppm;Y_ppm;Zr_ppm;Nb_ppm;Ba_ppm;La_ppm;Ce_ppm;Pr_ppm;Nd_ppm;Sm_ppm;Eu_ppm;Gd_ppm;Tb_ppm;Dy_ppm;Ho_ppm;Er_ppm;Tm_ppm;Yb_ppm;Lu_ppm;Hf_ppm;Ta_ppm;Pb_ppm;Th232_ppm;U238_ppm;;U238_ppm
B6_ap_1_1;B6;X1 deposit;Hydrothermal;Hydrothermal;X1 deposit;CL-green;3.5127;0.082783624;0.02327966;0.267737274;37.75924481;17.56219543;0.1024;0.248972393;0.8364168;0.189764379;0.056191612;0.0771615;;;;;;;;;;;;;;;;;;;;;;;;;;;;;;;;;;;;;;;;
B6_ap_1_2;B6;X1 deposit;Hydrothermal;Hydrothermal;X1 deposit;CL-green;4.0384;0.112512808;0.04149328;0.198002434;37.67576785;17.82142891;0.1002;0.187798096;1.018492346;0.236248918;0.062416176;0.109483595;;;;;;;;;;;;;;;;;;;;;;;;;;;;;;;;;;;;;;;;
B6_ap_2_1;B6;X1 deposit;Hydrothermal;Hydrothermal;X1 deposit;CL-green;3.6377;0.031224992;0.0331705;0.24518473;37.56713345;17.49228095;0.152;0.291413519;1.093305182;0.155246963;0.047153204;0.11471343;3.05;389.43;2760.73;157416.05;375620.75;3.84;811.01;5.31;11560.24;2344.03;0.165;83.56;10.02;0.73;337.41;4575.82;1.78;0.0885;1.65;584.79;1764.89;280.54;1447.9;520.88;30.88;617.64;120.87;822.52;175.38;496.77;74.46;565.48;72.04;3.64;0.145;9.62;27.59;24.3;;34.39
B6_ap_3_1;B6;X1 deposit;Hydrothermal;Hydrothermal;X1 deposit;CL-green;3.845;0.077782016;0.04450878;0.244368684;37.25423779;17.87964734;0.1912;0.314888281;1.170363952;0.159480231;0.0746095;0.11402755;1.995;667.72;2535.865;160435.22;372542.91;2.85;778.63;4.43;11781.36;2996.92;0.47;92.6;11.65;0.22;341.56;4114;0.78;1.52;7.07;629.9;1738.15;279.93;1474.68;500.44;25.22;569.32;104.57;688.16;140.09;369.85;54.65;414.16;55.09;1.98;0.12;5.76;14.95;27.14;;44.8
B6_ap_3_2;B6;X1 deposit;Hydrothermal;Hydrothermal;X1 deposit;CL-green;3.688;0.134061792;0.04432785;0.173150124;37.53497195;17.56498852;0.1733;0.258921961;1.030961152;0.157445006;0.039905424;0.11677107;5;392.63;2408.72;140917.86;375350.25;2.77;784.73;8.59;11678.81;2267.1;0.15;97.25;9.23;0.52;331.81;4127.08;0.62;0.0695;1.245;643.51;1943.36;306.56;1553.59;560.69;30.88;595.1;115.74;734.29;149.09;403.6;58.86;433.23;57.49;1.93;0.34;6.29;16.34;9.69;;17.98
B6_ap_4_1;B6;X1 deposit;Hydrothermal;Hydrothermal;X1 deposit;CL-green;3.9149;0.051605376;0.03727158;0.162393154;37.5996523;17.67378802;0.1981;0.294911414;1.131950736;0.135708803;0.060710816;0.075189595;2.505;394.77;2372.725;135010.08;375997.06;1.6;781.76;3.97;10798.3;1968.65;0.14;71.18;4.31;0.195;316.82;2640.91;0.79;0.082;2.95;450.25;1354.91;216.14;1110.59;356.73;29.33;379.58;70.33;444.27;87.18;249.06;39.81;306.22;41.45;2.67;0.0795;7.18;12.09;12.34;;6.3
B6_ap_5_1;B6;X1 deposit;Hydrothermal;Hydrothermal;X1 deposit;CL-green;3.9931;;0.00729751;0.101560634;38.86431395;18.20543487;0.0556;0.065760426;0.64589964;0.080025047;;0.057356715;3.045;128.71;2743.58;128547.8;388643.72;0.32;789.94;0.325;6217.99;1179.15;0.165;39.41;6.44;0.22;314.51;1959.79;0.135;0.0735;1.805;192.04;717.34;120.83;636.8;269.28;19.67;333.37;62.48;414.16;75.08;182.04;26.75;160.2;21.27;1.83;0.22;3.86;2.4;14.22;;9.17
B6_ap_6_1;B6;X1 deposit;Hydrothermal;Hydrothermal;X1 deposit;CL-green;4.0361;0.030103136;0.02526989;0.114914114;37.97322599;17.91591384;0.1602;0.19510481;1.026314392;0.137825437;0.05371884;0.07939061;2.805;379.68;2845.04;118958.4;379732.78;1.83;759.34;3.09;10220.28;2565.02;0.39;87.28;7.95;0.53;337.71;2383.66;2.14;0.0845;2.49;524.2;1480.48;230.83;1087.63;357.97;32.37;353.96;65.96;389.81;75.07;200.04;30.39;235.98;32.87;1.045;0.23;7.22;10.76;10.18;;12.08
B6_ap_6_2;B6;X1 deposit;Hydrothermal;Hydrothermal;X1 deposit;CL-green;4.0983;0.019912944;0.02882818;0.124855038;38.32764572;17.76565443;0.1122;0.196426237;0.836494246;0.108518197;0.050904996;0.06670183;2.75;301.59;2878.245;107340.56;383277;1.67;750.51;3.48;7473.14;2235.72;0.38;56.55;5.71;0.7;317.1;2899.93;0.81;0.273;1.14;346.03;1096.51;180.94;943.15;384.37;27.41;413.84;81.47;509.48;102.57;290.71;40.51;290.98;39.89;2.61;0.13;7.33;16.01;23.42;;30.9
B6_ap_7_1;B6;X1 deposit;Hydrothermal;Hydrothermal;X1 deposit;CL-green;3.7763;0.015051568;0.00970991;0.137392472;38.48173504;18.10235246;0.107;0.073300333;0.637922702;0.156061053;0.048517492;0.07904767;;;;;;;;;;;;;;;;;;;;;;;;;;;;;;;;;;;;;;;;
PTO19_ap_22;PTO19;Francisco deposit;Igneous;Unaltered;Francisco deposit;CL-green;3.2746;0.12317044;0.05023823;0.152971532;38.50296163;17.78660259;0.1789;0.159193088;0.088520778;0.401509188;0.179744944;0.1766141;;;;;;;;;;;;;;;;;;;;;;;;;;;;;;;;;;;;;;;;
GT-2_ap_1_1;GT-2;Pé Quente deposit;Igneous;Unaltered;Pé Quente deposit (type 1);CL-yellow;2.5687;0.097180776;0.0030155;0.105863422;39.40033895;17.72642028;0.6855;0.042907512;0.08790121;0.115030917;0.003240184;0.04218162;;;;;;;;;;;;;;;;;;;;;;;;;;;;;;;;;;;;;;;;
GT-2_ap_1_2;GT-2;Pé Quente deposit;Igneous;Unaltered;Pé Quente deposit (type 1);CL-yellow;2.4481;0.040807512;0.00995115;0.067731818;39.50454221;18.03239434;0.7167;0.065915888;0.070630752;0.050636398;0.037347384;0.03137901;;;;;;;;;;;;;;;;;;;;;;;;;;;;;;;;;;;;;;;;
GT-2_ap_1_3;GT-2;Pé Quente deposit;Igneous;Unaltered;Pé Quente deposit (type 1);CL-yellow;2.7393;0.06590904;;0.066619028;39.65705919;18.02082921;0.5239;0.02254199;0.065209532;0.089468491;;0.036265905;;;;;;;;;;;;;;;;;;;;;;;;;;;;;;;;;;;;;;;;
GT-2_ap_2_1;GT-2;Pé Quente deposit;Igneous;Unaltered;Pé Quente deposit (type 1);CL-yellow;2.6909;0.089374528;0.01013208;0.121739226;39.75918982;17.82513848;0.6403;0.041663816;0.09719473;0.077419959;0.045362576;0.01971905;;;;;;;;;;;;;;;;;;;;;;;;;;;;;;;;;;;;;;;;
GT-2_ap_2_2;GT-2;Pé Quente deposit;Igneous;Unaltered;Pé Quente deposit (type 1);CL-yellow;2.783;0.04510796;;0.046440436;39.72581333;18.02135291;0.5035;0.063195303;0.088443332;0.061463795;0.077934952;0.065244335;;;;;;;;;;;;;;;;;;;;;;;;;;;;;;;;;;;;;;;;
GT-2_ap_3_1;GT-2;Pé Quente deposit;Igneous;Unaltered;Pé Quente deposit (type 1);CL-yellow;2.6692;0.055438384;0.00759906;0.059052056;39.88483408;18.04317391;0.2038;0.024174341;0.084725924;0.108925242;0.023192896;0.03703752;3.4;330.56;5176.25;215900.72;398848.94;0.34;841.09;5.73;729.42;944.41;0.155;118.37;20.29;0.21;294.76;599.52;2.58;0.05;1.28;727.33;1775.42;231.04;1110.85;204.22;28.93;181.85;22.86;120.84;22.15;55.1;7.04;41.53;5.53;1.04;0.106;5.47;14.98;2.96;;2.65
GT-2_ap_3_2;GT-2;Pé Quente deposit;Igneous;Unaltered;Pé Quente deposit (type 1);CL-yellow;2.9234;0.083017344;0.00259333;0.050891596;40.09645675;18.11400488;0.258;0.08861334;0.069236724;0.061463795;0.006991976;0.030950335;2.935;290.46;9248.6;212790.47;400965.16;0.31;783.81;9.9;652.75;565.16;0.115;45.89;19.5;0.41;303.29;417.08;2.25;0.0605;6.15;265.49;713.06;108.03;558.68;136.66;17.71;127.37;16.82;93.89;18.09;41.59;4.97;28.03;3.88;1.01;0.1095;3.5;6.27;1.67;;4.01
GT-2_ap_4_1;GT-2;Pé Quente deposit;Igneous;Unaltered;Pé Quente deposit (type 1);CL-yellow;2.8106;0.055251408;0.00385984;0.058458568;39.86646629;18.2475494;0.2463;0.038632307;0.055218998;0.065534245;0.049625976;0.03532282;54;10210.59;176472.27;103741.28;398665.19;2.58;860.98;21.6;742.65;2999.59;7.21;60.26;9.24;3.89;373.5;323.04;33.2;0.535;163.19;338.9;874.45;116.13;574.7;116;15.41;103.84;11.88;65.49;13.65;33.25;5.27;20.8;3.7;5.76;0.71;6.45;14.89;2.46;;
GT-2_ap_4_2;GT-2;Pé Quente deposit;Igneous;Unaltered;Pé Quente deposit (type 1);CL-yellow;2.7162;0.075818768;0.00416139;0.07863716;39.98853705;17.79777495;0.2882;0.016478972;0.059555974;0.069034832;0.017224136;0.08024796;5.045;2293.89;11240.29;133812.38;399885.94;1.39;937.24;24.63;726.71;3866.9;0.69;56.11;16.16;1.3;302.77;318.54;2.34;0.23;1.82;436.19;1020.48;137.1;675.83;146.81;14.89;118.06;16.31;70.13;14.19;36.92;3.75;21.3;3.55;0.92;0.08;4.47;9.57;3.41;;
GT-2_ap_4_4;GT-2;Pé Quente deposit;Igneous;Unaltered;Pé Quente deposit (type 1);CL-yellow;2.7228;0.099891928;0.00259333;0.05638136;39.65570126;18.08454653;0.2365;0.036922225;0.065596762;0.120403911;0.006480368;0.03875222;3.845;3249.27;55775.7;135494.41;396557.56;0.4;781.69;7.2;703.79;643.04;1.69;71.64;10.45;2.88;314.22;458.93;13.77;0.107;67.7;441.02;1302.1;184.49;893.25;188.8;28.36;158.49;19.34;103.34;19.63;45.84;5.21;31.62;3.32;1.05;0.201;4.1;11.28;3.07;;
GT-2_ap_5_1;GT-2;Pé Quente deposit;Igneous;Unaltered;Pé Quente deposit (type 1);CL-yellow;2.7174;0.039685656;0.00229178;0.017953012;39.8666807;18.09506425;0.2244;0.009094527;0.055606228;0.106238745;;0.017575675;7.66;231.18;5479.52;191660.67;398667.44;0.49;788.95;12.77;639.71;674.87;0.38;39.61;29.41;0.135;308.32;477.74;1.95;0.048;3.3;190.48;632.69;101.42;541.04;121.02;18.91;128.05;17.39;85.92;19.85;46.45;6.18;37.78;4.81;0.405;0.066;4.64;11.77;5.71;;9.92
GT-2_ap_6_1;GT-2;Pé Quente deposit;Igneous;Unaltered;Pé Quente deposit (type 1);CL-yellow;2.6035;0.168699096;0.09866716;0.0482209;39.64219343;18.07429066;0.1871;0.163079638;0.06660356;0.072291192;;0.027692405;7.88;258.32;1528.255;189655.98;396422.53;0.77;788.88;23.6;691.24;822.79;0.37;38.58;8.1;0.12;463.63;221.18;2.72;0.0425;0.835;289.12;607.61;78.66;349.91;68;17.02;56.42;7.49;37.89;7.17;17.78;2.34;13.08;1.82;0.445;0.0815;3.64;2.49;0.87;;3.36
GT-2_ap_6_2;GT-2;Pé Quente deposit;Igneous;Unaltered;Pé Quente deposit (type 1);CL-yellow;2.8952;0.055204664;0.0066341;0.067212516;39.980318;17.99896457;0.1773;0.031014669;0.06234403;0.077419959;0.05712956;0.012603045;8.65;231.52;2016.655;187166.73;399803.81;0.275;845.84;24.79;707.53;801.44;0.27;46.56;4.18;0.6;482.39;268.39;3.99;0.0615;2.89;335.93;745.65;94.05;409.06;85.95;23.69;77.28;9.72;51.24;9.17;26.45;2.73;19.28;2.38;0.605;0.089;4.05;3.43;0.98;;
GT-2_ap_6_3;GT-2;Pé Quente deposit;Igneous;Unaltered;Pé Quente deposit (type 1);CL-yellow;2.6767;0.040480304;;0.06379996;39.85288699;17.97592159;0.2243;0.039487348;0.064512518;0.12536986;0.08995774;0.05641363;2.62;190.73;5386.71;174627.45;398529.44;0.28;805.14;24.94;714.91;498.63;0.37;59.13;7.24;0.185;413.24;353.72;4.68;0.049;3.08;425.41;962.5;129.16;571.46;118.84;24.1;101.89;13.51;67.63;13.27;34.55;3.87;23.18;3.04;0.59;0.095;3.28;4.27;1.3;;
GT-2_ap_7_1;GT-2;Pé Quente deposit;Igneous;Unaltered;Pé Quente deposit (type 1);CL-yellow;2.7115;0.075351328;0.00259333;0.077375998;39.9252861;17.81723928;0.2182;0.03731088;0.062421476;0.06756947;0.001023216;;14.3;68.91;16540.48;164079.42;399253.44;0.575;779.63;10.47;546.78;647.62;0.265;38.26;14.23;3.69;370.74;402;1.98;0.115;16.18;195.73;643.53;104.44;531.66;132.25;15.62;109.07;14.33;79.81;17.5;41.35;5.01;26.57;4.23;2.17;0.17;4.02;5.57;2.25;;6.05
GT-2_ap_7_2;GT-2;Pé Quente deposit;Igneous;Unaltered;Pé Quente deposit (type 1);CL-yellow;2.6747;0.07736132;0.00126651;0.090358548;39.46609135;18.03627848;0.2123;0.121493553;0.06234403;0.155735417;0.063609928;0.075875475;11.98;686.58;3197.195;149266.53;394661.47;1.23;2210.8;19.13;503.32;765.34;0.9;42.11;17.93;0.275;349.85;451.05;8.15;2.51;14.5;195.28;664.84;119.19;572.24;141.55;19.12;132.63;15.92;87.84;18.86;45.6;5.16;31.07;4.22;0.835;0.1115;4.36;9.37;2.99;;
GT-2_ap_8_1;GT-2;Pé Quente deposit;Igneous;Unaltered;Pé Quente deposit (type 1);CL-yellow;2.9001;0.023325256;0.00416139;0.024629752;40.07623074;18.30847363;0.1721;0.052623887;0.078452798;0.126102541;0.018673692;0.04595396;2.915;76.59;2095.995;156325.14;400762.91;0.8;826.02;9.94;682.3;496.38;0.35;29.57;31.19;0.145;325.74;279.85;0.55;0.164;2.49;195.82;448.1;63.33;318.37;76.39;8.46;81.52;10.28;52.63;10.19;26.92;2.59;19.43;3.01;0.675;0.07;4.58;13.14;8.32;;3.72
GT-2_ap_8_2;GT-2;Pé Quente deposit;Igneous;Unaltered;Pé Quente deposit (type 1);CL-yellow;2.9042;0.062823936;0.00850371;0.043918112;39.86489395;18.00167037;0.1413;0.021609218;0.075587296;0.041599999;;0.02160522;12.19;142.29;2084.46;149085.39;398649.5;0.26;788.43;8.7;649.88;411.05;0.16;25.64;14.09;0.16;283.45;518.79;1.18;0.232;2.16;107.11;429.14;77.97;432.33;125.48;23.45;122.14;19.2;103.14;20.63;51.4;6.02;41.17;5.6;0.785;0.143;2.46;2.89;1.68;;
GT-2_ap_9_1;GT-2;Pé Quente deposit;Igneous;Unaltered;Pé Quente deposit (type 1);CL-yellow;2.7476;0.076099232;0.00446294;0.077672742;39.7866343;18.20569672;0.2679;0.027439043;0.069856292;0.06431311;0.039138012;0.04646837;;;;;;;;;;;;;;;;;;;;;;;;;;;;;;;;;;;;;;;;
GT-2_ap_9_2;GT-2;Pé Quente deposit;Igneous;Unaltered;Pé Quente deposit (type 1);CL-yellow;2.876;0.060626968;0.00705627;0.04265695;40.03570725;18.29385356;0.1947;0.073378064;0.07125032;0.092399215;0.04306034;0.050497915;;;;;;;;;;;;;;;;;;;;;;;;;;;;;;;;;;;;;;;;
PGD-1_ap_1_1;PGD-1;Francisco deposit;Igneous;Unaltered;Francisco deposit;CL-yellow;3.668;0.00023372;0.00247271;0.011053714;40.18908187;18.26762472;0.0206;0.04042012;0.056380688;0.063254793;;;3.23;121.56;2453.62;169808.63;401891.25;0.285;782.09;2.52;551.07;304.42;0.175;10.16;22.76;0.195;215.58;81.95;0.5;0.0785;1.245;100.39;181.97;20.41;85.5;15.45;3.32;17.67;2.61;11.51;2.32;8.01;0.83;5.26;1.49;0.76;0.0845;3.21;1.55;4.09;;8.45
PGD-1_ap_1_2;PGD-1;Francisco deposit;Igneous;Unaltered;Francisco deposit;CL-yellow;3.6886;0.02851384;0.00012062;0.006009066;40.20752113;18.40361319;0.0213;0.143724619;0.050417346;0.03500587;0.04306034;;5.445;200.11;4892.36;156769.95;402075.66;4.26;1157.41;8.19;732.25;676.58;0.53;30.25;23.24;0.395;208.54;163.19;0.23;0.47;2.84;280.59;478.47;46.61;185.11;22.08;7.24;34.74;3.86;25.73;4.79;13.22;1.94;15.69;2.01;0.81;0.165;5.38;12.97;16.06;;20.87
PGD-1_ap_4_1;PGD-1;Francisco deposit;Igneous;Unaltered;Francisco deposit;CL-yellow;3.6448;0.165894456;0.00983053;0.009866738;39.7966401;17.98438814;0.0409;0.149088058;0.104397208;0.337765941;0.095244356;0.04338191;4.26;107.56;4431.76;158315.27;397966.84;1.08;800.87;3.2;923.74;538.06;0.24;68.62;7.03;0.33;229.08;292.38;0.62;0.13;2.065;605.93;1131.26;116.77;441.32;65.68;14.32;73.45;8.81;42.03;9.32;24.43;3.66;26.13;3.85;1.18;0.14;8.87;36.01;24.61;;25.13
PGD-1_ap_4_2;PGD-1;Francisco deposit;Igneous;Unaltered;Francisco deposit;CL-yellow;3.7243;0.096713336;0.01127797;0.016840222;40.02927495;18.13185446;0.0411;0.212516554;0.103932532;0.135464576;0.031208088;0.025634765;5.235;69.72;4733.765;162958.28;400293.19;1.3;804.85;14.24;871.68;543.82;0.25;63.9;30.15;0.32;221.59;271.31;0.25;0.12;2.375;578.32;1002.79;99.42;385.59;57.24;14.57;52.58;7.02;45.36;10.58;26.18;2.98;22.41;4.83;0.79;0.18;8.65;36;42.51;;25.28
PGD-1_ap_4_3;PGD-1;Francisco deposit;Igneous;Unaltered;Francisco deposit;CL-yellow;4.1593;0.067404848;0.00102527;0.010460226;40.10346081;18.02148384;0.0223;0.189274985;0.055916012;0.042983952;0.0106585;0.01045967;4.38;95.81;4575.17;165096.31;401035.09;1.12;916.18;7.3;837.05;1927.32;0.51;63.51;15.43;5;215.65;349.56;1.94;0.145;2.865;640.7;1162.39;123.64;507.66;94.22;12.18;85.26;10.1;51.58;11.21;29.32;3.21;31.12;4.26;1.1;0.16;10.98;40.25;28.15;;13.86
PGD-1_ap_4_4;PGD-1;Francisco deposit;Igneous;Unaltered;Francisco deposit;CL-yellow;3.7449;0.063010912;0.00476449;0.014911386;39.90970564;18.1782459;0.026;0.148777134;0.078297906;0.047542856;0.0596876;0.01406054;12.36;17.1;5181.65;158711.11;399097.53;3.76;805.27;14.75;637.72;361.72;0.31;41.21;28.93;0.46;223.43;270.72;0.38;0.16;2.565;479.41;793.67;76.34;326.86;46.06;7.01;62.15;7.24;34.76;8.96;21.52;2.08;23.6;4.61;1.49;0.175;7.85;32.15;38.18;;21.44
PGD-1_ap_5_1;PGD-1;Francisco deposit;Igneous;Unaltered;Francisco deposit;CL-yellow;3.6033;0.379981976;0.00205054;;38.9911732;17.41839504;0.0395;0.045783559;0.071947334;0.657133448;0.278570556;0.12054341;2.305;239.33;9047.22;155019.8;389912.16;5.86;782.59;0.26;1049;601.42;0.76;343.28;14.09;0.205;194.1;2392.82;6.75;0.096;19.32;2556.23;5736.55;708.07;2921.79;509.72;77.26;473.65;68.24;385.9;81.92;220.31;32.19;212.19;34.3;1.82;0.171;34.08;193.03;80.22;;71.22
PGD-1_ap_5_2;PGD-1;Francisco deposit;Igneous;Unaltered;Francisco deposit;CL-yellow;3.5968;0.055578616;0.00675472;0.015875804;40.06022146;18.34247075;0.0272;0.128178419;0.079227258;0.068302151;;0.0188617;3.04;59.35;2545.45;166252.06;400602.66;2.31;813.82;12.82;767.11;1019.03;0.11;83.46;10.97;0.195;215.37;498.23;0.5;0.0745;4.38;810.31;1450;156.56;626.13;101.61;19.65;102.92;13.46;77.09;15.49;48.05;6.48;43.75;8.63;0.66;0.092;14.57;46;43.89;;41.64
PGD-1_ap_5_3;PGD-1;Francisco deposit;Igneous;Unaltered;Francisco deposit;CL-yellow;3.7338;0.295983008;;;39.35238258;17.72406361;0.0351;0.105325505;0.075354958;0.461263394;0.20165882;0.10785463;5.235;1633.19;4932.53;163670.42;393524.25;6.13;806.25;3.03;929.93;3786.75;2.86;222.58;14.32;7.2;213.32;1317.55;3.07;0.18;3.26;1965.77;3725.06;418.65;1706.83;283.05;49.53;273.19;35.25;197.96;38.71;122.79;16.03;110.67;19.78;1.42;0.15;75.45;393.81;157.17;;134.59
RA69_ap_1_1;RA69;Pé Quente deposit;Hydrothermal;Hydrothermal;Pé Quente deposit (type 3);CL-grey;3.5531;;0.02870756;;38.71444136;17.75723153;0.2353;0.08239486;0.162171924;0.446772592;0.194240504;0.133146455;;;;;;;;;;;;;;;;;;;;;;;;;;;;;;;;;;;;;;;;
RA69_ap_1_2;RA69;Pé Quente deposit;Hydrothermal;Hydrothermal;Pé Quente deposit (type 3);CL-grey;3.4814;;0.0277426;;38.39075373;17.55599827;0.2204;0.108901131;0.15179416;0.478359284;0.192790948;0.13734747;3.02;346.97;3504.36;165866.48;383907.94;0.73;799.15;3.85;1593.91;2728.27;0.5;273.2;18.16;0.12;294.98;1604.73;1.4;0.076;13.13;2024.61;5322.26;650.91;2849.23;541.2;34.75;443.91;56.2;324.66;60.52;137;15.78;80.5;11.64;0.4;0.22;8.88;8.84;1.48;;4.8
RA69_ap_2_1;RA69;Pé Quente deposit;Hydrothermal;Hydrothermal;Pé Quente deposit (type 3);CL-grey;3.6276;;0.0235209;;38.27590144;17.84617392;0.2285;0.080607047;0.127476116;0.462728756;0.166784208;0.11951459;1.53;306.95;1679.42;153885.98;382759.5;0.19;771.82;3.57;2241.73;1358.87;0.42;277.97;11.6;0.4;298.53;1690.33;0.9;0.051;6.3;2143.61;5506.47;683.44;3133.69;600.62;41.52;510.37;67.86;369.12;64.34;148.45;17.71;106.19;11.14;1.25;0.074;5.94;7.49;1.1;;
RA69_ap_2_2;RA69;Pé Quente deposit;Hydrothermal;Hydrothermal;Pé Quente deposit (type 3);CL-grey;4.0284;;0.01941982;;38.1656947;17.54500048;0.1866;0.100428452;0.124842952;0.539090398;0.16158286;0.200019755;1.375;602.77;15077.54;141049.14;381657.44;0.2;746.1;3.35;1344.42;1126.9;0.89;230.35;15.52;1.49;367.83;1369.51;3.93;0.051;16.53;1541.55;3947.81;470.22;2237.84;410.07;31.83;345.34;46.34;258.9;46.43;111.07;11.83;70.11;9.04;0.48;0.053;5.07;7.58;1.21;;4.4
RA69_ap_3_1;RA69;Pé Quente deposit;Hydrothermal;Hydrothermal;Pé Quente deposit (type 3);CL-grey;3.9492;;0.03166275;;37.50281045;17.10748943;0.2492;0.462110795;0.136072622;0.737484131;0.297414784;0.32733623;1.655;352.44;5258.07;154954.22;375028.53;0.265;912.77;11.21;1597.43;4323.31;0.89;366.73;20.35;7.4;316.84;2277.01;3.24;0.38;9.58;2502.31;6135.4;794.01;3759.44;709.41;45.93;563.01;78.98;424.27;77.01;197.16;22.01;134.71;14.03;1.77;0.24;14.19;29.32;4.16;;
RA69_ap_3_2;RA69;Pé Quente deposit;Hydrothermal;Hydrothermal;Pé Quente deposit (type 3);CL-grey;3.7856;;0.0247271;;38.47265835;17.47203106;0.1937;0.253636253;0.138396002;0.407370636;0.210697228;0.162639295;1.375;277.52;8227.27;151338.41;384727.06;0.25;794.05;10.09;1607.35;1131.02;0.79;246.72;11.58;2.77;314.6;1557.28;5.03;0.061;26.92;1798.56;4401.04;563.42;2646.92;487.57;36.02;401.81;56.5;303.25;56.89;139.52;15.9;88.22;11.27;0.895;0.11;7.18;14.66;1.72;;4.25
RA69_ap_3_3;RA69;Pé Quente deposit;Hydrothermal;Hydrothermal;Pé Quente deposit (type 3);CL-grey;3.3137;;0.03292926;;38.03912133;17.31958955;0.2049;0.911162782;0.125927196;0.582318577;0.2515406;0.12825956;;;;;;;;;;;;;;;;;;;;;;;;;;;;;;;;;;;;;;;;
RA69_ap_4_1;RA69;Pé Quente deposit;Hydrothermal;Hydrothermal;Pé Quente deposit (type 3);CL-grey;4.0369;;0.01791207;;38.36195132;17.69107026;0.2262;0.090478884;0.149935456;0.376028171;0.175055204;0.15003625;;;;;;;;;;;;;;;;;;;;;;;;;;;;;;;;;;;;;;;;
RA69_ap_5_1;RA69;Pé Quente deposit;Hydrothermal;Hydrothermal;Pé Quente deposit (type 3);CL-grey;3.5647;;0.02961221;;38.63303703;17.62207225;0.2431;0.275245471;0.158996638;0.438631692;0.167295816;0.176356895;;;;;;;;;;;;;;;;;;;;;;;;;;;;;;;;;;;;;;;;
RA69_ap_5_2;RA69;Pé Quente deposit;Hydrothermal;Hydrothermal;Pé Quente deposit (type 3);CL-grey;3.6582;;0.03612569;;38.33100481;17.54229468;0.1963;0.366734858;0.123758708;0.543730711;0.233975392;0.233799345;;;;;;;;;;;;;;;;;;;;;;;;;;;;;;;;;;;;;;;;
RA69_ap_5_3;RA69;Pé Quente deposit;Hydrothermal;Hydrothermal;Pé Quente deposit (type 3);CL-grey;3.7144;;0.0337736;;38.64647339;17.55486357;0.2186;0.118306582;0.158996638;0.428129931;0.194496308;0.190074495;;;;;;;;;;;;;;;;;;;;;;;;;;;;;;;;;;;;;;;;
RA69_ap_7_1;RA69;Pé Quente deposit;Hydrothermal;Hydrothermal;Pé Quente deposit (type 3);CL-grey;3.9712;;0.04064894;;38.0942247;17.59257026;0.137;0.123125904;0.152491174;0.498711534;0.20975928;0.130574405;;;;;;;;;;;;;;;;;;;;;;;;;;;;;;;;;;;;;;;;
RA69_ap_7_2;RA69;Pé Quente deposit;Hydrothermal;Hydrothermal;Pé Quente deposit (type 3);CL-grey;3.8415;;0.03142151;;38.66905791;17.5214338;0.233;0.094909551;0.15256862;0.427071614;0.19526372;0.15500888;;;;;;;;;;;;;;;;;;;;;;;;;;;;;;;;;;;;;;;;
RA69_ap_7_3;RA69;Pé Quente deposit;Hydrothermal;Hydrothermal;Pé Quente deposit (type 3);CL-grey;3.9735;;0.04016646;;38.60144729;17.75160171;0.1396;0.112321295;0.145443588;0.4396086;0.187504332;0.160581655;;;;;;;;;;;;;;;;;;;;;;;;;;;;;;;;;;;;;;;;
RA69_ap_8_1;RA69;Pé Quente deposit;Hydrothermal;Hydrothermal;Pé Quente deposit (type 3);CL-grey;3.8217;;0.03184368;;38.5380534;17.82099249;0.1576;0.089312919;0.14250064;0.471683746;0.135064512;0.19238934;;;;;;;;;;;;;;;;;;;;;;;;;;;;;;;;;;;;;;;;
RA69_ap_8_2;RA69;Pé Quente deposit;Hydrothermal;Hydrothermal;Pé Quente deposit (type 3);CL-grey;4.0918;;0.0367891;;38.60387727;17.77429555;0.2091;0.16168048;0.135220716;0.499199988;0.147257836;0.19256081;;;;;;;;;;;;;;;;;;;;;;;;;;;;;;;;;;;;;;;;
RA69_ap_8_3;RA69;Pé Quente deposit;Hydrothermal;Hydrothermal;Pé Quente deposit (type 3);CL-grey;3.9193;;0.02931066;;38.51382507;17.47835915;0.243;0.272680348;0.148231644;0.437329148;0.170877072;0.15620917;;;;;;;;;;;;;;;;;;;;;;;;;;;;;;;;;;;;;;;;
RA69_ap_9_1;RA69;Pé Quente deposit;Hydrothermal;Hydrothermal;Pé Quente deposit (type 3);CL-grey;3.1872;;0.02406369;;38.12295564;17.65022134;0.2361;0.126079682;0.134059026;0.342650481;0.167722156;0.180815115;;;;;;;;;;;;;;;;;;;;;;;;;;;;;;;;;;;;;;;;
RA69_ap_9_2;RA69;Pé Quente deposit;Hydrothermal;Hydrothermal;Pé Quente deposit (type 3);CL-grey;3.6723;;0.02484772;;38.58886857;17.73541053;0.1606;0.148310748;0.162017032;0.419419168;0.137366748;0.190931845;;;;;;;;;;;;;;;;;;;;;;;;;;;;;;;;;;;;;;;;
RA69_ap_9_3;RA69;Pé Quente deposit;Hydrothermal;Hydrothermal;Pé Quente deposit (type 3);CL-grey;3.6006;;0.03304988;;38.67684814;17.57864846;0.2449;0.107735166;0.161397464;0.479987464;0.246509788;0.179100415;;;;;;;;;;;;;;;;;;;;;;;;;;;;;;;;;;;;;;;;
RA69_ap_10_1;RA69;Pé Quente deposit;Hydrothermal;Hydrothermal;Pé Quente deposit (type 3);CL-grey;3.6989;;0.02858694;;38.49617198;17.70769786;0.2101;0.126235144;0.160390666;0.495536583;0.20293784;0.23165597;3.07;932.44;28226.15;138611.8;384962.19;0.285;796.4;4.41;1561.67;1111.93;0.99;243.78;11.89;1.14;310.45;1548.83;6.42;0.0705;27.64;1775.73;4470.75;596.92;2909.71;534.81;39.3;471.87;61.19;353.03;62.16;136.48;15.43;90.99;10.8;0.94;0.23;6.99;10.28;1.56;;6.39
RA24_ap_1_1;RA24;Pé Quente deposit;Hydrothermal;Hydrothermal;Pé Quente deposit (type 2);CL-green;3.7061;;0.0078403;;39.4350019;18.21590895;0.0191;0.165955685;0.086042506;;0.018844228;;1.94;223.29;7561.66;137701;394350.53;2.26;808.64;3.54;685.17;1124.24;1.07;24.01;4.59;0.16;188.09;3131.39;1.91;0.0505;8.69;172.24;399.64;67.96;497.9;275.43;26.88;461.74;84.28;512.68;106.33;282.31;38.74;257.72;36.2;3.85;0.23;19.83;44.35;9.61;;10.42
RA24_ap_3_1;RA24;Pé Quente deposit;Hydrothermal;Hydrothermal;Pé Quente deposit (type 2);CL-green;3.7818;;0.00928774;;39.44114832;17.92568965;0.0129;0.067004122;0.06273126;0.027597651;0.015007168;0.061814935;2.685;315.08;10836.29;128828.65;394412.03;0.95;778.61;12.64;652.35;455.55;0.115;52.24;7.48;0.49;171.06;4671.68;1.91;0.119;1.19;300.03;970.27;181.97;1241.13;611.57;32.96;819.51;153.5;893.88;179.33;471.53;59.3;398.72;54.24;3.43;0.11;80.06;96.19;12.25;;34.4
RA24_ap_4_1;RA24;Pé Quente deposit;Hydrothermal;Hydrothermal;Pé Quente deposit (type 2);CL-green;3.9037;;0.00585007;;39.64112138;18.29145325;0.0134;0.117762465;0.065364424;0.00651272;;0.01697553;;;;;;;;;;;;;;;;;;;;;;;;;;;;;;;;;;;;;;;;
RA24_ap_5_1;RA24;Pé Quente deposit;Hydrothermal;Hydrothermal;Pé Quente deposit (type 2);CL-green;4.081;;0.01073518;;39.18135487;17.81287508;0.0082;0.214770753;0.08557783;0.056253619;0.008697336;0.02349139;;;;;;;;;;;;;;;;;;;;;;;;;;;;;;;;;;;;;;;;
RA24_ap_5_2;RA24;Pé Quente deposit;Hydrothermal;Hydrothermal;Pé Quente deposit (type 2);CL-green;3.8603;;0.04475002;;39.40591361;18.09301308;0.0076;0.403501621;0.073651146;0.041844226;;0.00771615;;;;;;;;;;;;;;;;;;;;;;;;;;;;;;;;;;;;;;;;
SPQ1_ap_4_2;SPQ1;Pé Quente deposit;Hydrothermal;Hydrothermal;Pé Quente deposit (type 3);CL-grey;;;;;;;;;;;;;58.1;15430.14;228709.92;106837.91;397853.41;13.08;873.97;9.455;399.4;889.35;11.41;66.43;32.75;7.73;276.83;435.52;37.57;2.215;202.48;834.95;2098.57;187.63;730.47;100.33;17.45;113.2;9.35;52.4;15.59;50.23;3.72;40.29;2.945;42.94;2.685;7.915;8.99;1.11;;
SPQ1_ap_10_1;SPQ1;Pé Quente deposit;Hydrothermal;Hydrothermal;Pé Quente deposit (type 3);CL-grey;3.5469;;0.04565467;;38.70279175;17.77639037;0.0116;0.26039885;0.05459943;0.453855175;0.209674012;0.05006924;;;;;;;;;;;;;;;;;;;;;;;;;;;;;;;;;;;;;;;;
SPQ1_ap_10_2;SPQ1;Pé Quente deposit;Hydrothermal;Hydrothermal;Pé Quente deposit (type 3);CL-grey;3.5192;;0.33423802;;38.1063746;17.66479777;0.0098;0.814465418;0.06118234;0.222816433;0.106073392;0.096623345;;;;;;;;;;;;;;;;;;;;;;;;;;;;;;;;;;;;;;;;
SPQ1_ap_10_3;SPQ1;Pé Quente deposit;Hydrothermal;Hydrothermal;Pé Quente deposit (type 3);CL-grey;3.5552;;0.00072372;;39.0933753;17.94890719;0.0057;0.077342345;0.04182084;0.408347544;0.207542312;0.04732572;;;;;;;;;;;;;;;;;;;;;;;;;;;;;;;;;;;;;;;;
SPQ1_ap_11_1;SPQ1;Pé Quente deposit;Hydrothermal;Hydrothermal;Pé Quente deposit (type 3);CL-grey;3.963;;0.00156806;;39.75861806;18.15315175;0.0026;0.025806692;0.039420014;0.20026614;0.112383224;0.05727098;6.46;6117.28;93201.05;104092.01;397586.78;1.8;754.13;0.745;355.89;1306.17;4.78;137.63;2.965;3.82;413.68;1077.06;31.61;0.1415;101.34;917.57;2429.26;327.41;1478.86;235.31;23.39;126.33;18.94;110.1;28.28;95.7;16.96;85.2;12.6;2.56;0.21;17.51;49.47;7.86;;13.665
SPQ1_ap_11_2;SPQ1;Pé Quente deposit;Hydrothermal;Hydrothermal;Pé Quente deposit (type 3);CL-grey;3.737;;0.00446294;;39.73846352;17.92272199;0.0089;0.049048261;0.044221666;0.230224652;0.113065368;;7.515;9.83;17781.27;179741.81;397385.19;0.715;826.41;40.42;537.58;420.15;0.215;167.4;5.57;2.3;270.97;566.83;0.27;0.33;2.89;1551.13;3479.73;303.95;1139.58;185.22;16.63;130.95;12.07;68.98;17.19;39.95;5.47;74.82;7.82;1.025;0.4;5.1;17.17;2.76;;
SPQ1_ap_11_3;SPQ1;Pé Quente deposit;Hydrothermal;Hydrothermal;Pé Quente deposit (type 3);CL-grey;4.0467;;0.00313612;;39.67399758;17.88248407;0.0024;0.127167916;0.033456672;0.265067704;0.183837808;0.022205365;10.71;2932.85;45140.5;144306.7;396740.56;0.88;842.11;30.65;525.59;1435.09;1.74;140.78;4.11;0.44;243.8;385.04;10.25;0.0605;59.33;899.79;1718.82;168.93;673.96;81.18;12.15;79.82;10.72;38.72;8.03;21.61;3.24;22.93;5.24;0.735;0.5;26.71;10.45;1.25;;
SPQ1_ap_11_4;SPQ1;Pé Quente deposit;Hydrothermal;Hydrothermal;Pé Quente deposit (type 3);CL-grey;3.5777;;;;39.62804237;18.08952172;;0.06140749;0.026796316;0.221513889;0.119631004;0.02143375;7.46;41.68;32906.31;166906.73;396280.97;1.18;788.8;36.12;452;424.79;0.74;169.62;5.185;0.88;276.29;856.36;0.55;0.43;5.91;1465.69;3384.11;381.08;1592.53;199;31.92;156.69;24.5;121.72;30.81;73.48;11.02;63.86;16.18;1.2;0.52;8.37;42.45;3.69;;59.05
SPQ1_ap_12_1;SPQ1;Pé Quente deposit;Hydrothermal;Hydrothermal;Pé Quente deposit (type 3);CL-grey;3.5637;;0.0078403;;39.78570519;18.17732942;;0.02720585;0.032294982;0.230550288;0.099593024;0.00137176;;;;;;;;;;;;;;;;;;;;;;;;;;;;;;;;;;;;;;;;
TP01_ap_1_1;TP01;Teles Pires Intrusive Suite;Barren, A-type;Unaltered;Teles Pires Intrusive Suite;CL-yellow;3.9527;;0.00404077;;38.87410534;17.68216729;0.0038;0.534478356;0.116401338;0.238609779;0.069322884;0.12191517;19.77;9673.03;65060.1;291240.13;388741.56;3.28;779.38;23.68;4198.32;46958.63;34.18;218.52;15.32;38.68;120.01;3744.09;4.29;0.261;331.53;1154.91;3418.95;529.95;2659.1;634.91;20.93;612.02;101.82;570.69;128.43;364.3;50.85;363.18;54.62;3.6;0.46;47.83;63.06;14.58;;8.73
TP01_ap_2_1;TP01;Teles Pires Intrusive Suite;Barren, A-type;Unaltered;Teles Pires Intrusive Suite;CL-yellow;3.7145;;0.01061456;;39.03648518;18.00590364;0.0036;0.150487216;0.100137678;0.479580419;0.125685032;0.105196845;2.875;134.06;1890.56;262645.25;390365.34;0.31;782.1;13.95;1118.38;1910.91;0.135;267.54;11.44;0.39;94.4;1797;0.63;0.0485;3.25;1876.31;4263.09;511.28;2332.98;429.9;7.04;377.68;56.67;292.49;60.72;145.45;18.34;94.32;11.61;0.665;0.155;4.94;6.09;0.87;;
TP01_ap_2_2;TP01;Teles Pires Intrusive Suite;Barren, A-type;Unaltered;Teles Pires Intrusive Suite;CL-yellow;3.9316;;0.00500573;;39.07536486;17.83844929;0.0073;0.308047953;0.098898542;0.426094706;0.175481544;0.131946165;7.14;46.4;3868.45;228621.86;390754.16;0.265;765.63;9.79;1060.53;1165.64;0.1;238.53;12.22;0.48;82.08;1790.54;0.35;0.0455;1.03;1819.45;4013;508.03;2261.98;431.95;6.82;376.22;57.89;312.77;64.93;163.38;18.21;109.34;13.82;1.71;0.235;6.25;5.56;1.25;;
TP01_ap_2_3;TP01;Teles Pires Intrusive Suite;Barren, A-type;Unaltered;Teles Pires Intrusive Suite;CL-yellow;;;;;;;;;;;;;4.555;458.49;275452.69;122.375;390559.78;45.2;198589.36;658.19;960.4;29171.52;12.83;40.97;2.025;1.3;14.52;242.99;4.04;69.83;9.33;4.41;4.64;1.21;3.74;2.38;0.275;1.9;1.1;12.54;4.12;20.89;4;45.16;8.05;0.86;2.65;35.45;0.51;14.3;;4.22
TP01_ap_2_4;TP01;Teles Pires Intrusive Suite;Barren, A-type;Unaltered;Teles Pires Intrusive Suite;CL-yellow;4.0549;;0.00458356;;39.32336576;17.7230162;0.005;0.089546112;0.12313914;0.327426998;0.15220338;0.147378465;2.99;106.53;6740.49;186595.78;393234.19;0.29;771.02;5.19;1010.74;1077.18;0.28;212.19;8.1;0.92;115.75;1856.39;0.68;0.0465;4.65;1451.34;3481.11;444.91;1982.93;403.88;6.28;375.89;55.66;309.67;63.53;159.59;20.77;118.31;15.14;2.53;0.0655;7.88;12.59;1.7;;2.94
TP01_ap_4_1;TP01;Teles Pires Intrusive Suite;Barren, A-type;Unaltered;Teles Pires Intrusive Suite;CL-yellow;3.9131;;;;39.09737762;17.84298806;0.0165;0.097319212;0.093477322;0.398415646;0.213766876;0.09310821;2.74;248.79;7588.5;170508.72;390974.22;0.31;799.18;0.33;1110.4;1084.02;0.165;272.46;12.73;1.77;81.38;2030.52;3.06;0.056;2.64;2028.42;4525.21;568.37;2497.01;487;7.68;414.57;63.28;363.22;70.82;171.67;20.09;123.66;14.38;0.595;0.088;7.93;11;1.81;;2.35
TP01_ap_4_3;TP01;Teles Pires Intrusive Suite;Barren, A-type;Unaltered;Teles Pires Intrusive Suite;CL-yellow;4.0524;;0.00428201;;39.10638284;17.9224165;0.0047;0.085426369;0.103932532;0.296980032;0.119631004;0.104853905;2.4;266.44;5520.74;144359.05;391064.28;1.13;1280.66;1.7;1014.51;1290.26;0.93;195.87;11.6;2.12;176.43;2249.78;1.04;6.34;9.55;1441.5;3429.69;482.88;2239.38;488.56;9.22;444.83;68.63;385.28;81.39;210.32;27.41;166.53;22.53;1.32;0.208;8.16;18.46;4.79;;8.82
TP01_ap_4_4;TP01;Teles Pires Intrusive Suite;Barren, A-type;Unaltered;Teles Pires Intrusive Suite;CL-yellow;3.6583;;0.00886557;;39.21465989;17.93638194;0.0036;0.186865324;0.08209276;0.262544025;0.103344816;0.09910966;;;;;;;;;;;;;;;;;;;;;;;;;;;;;;;;;;;;;;;;
TP01_ap_4_5;TP01;Teles Pires Intrusive Suite;Barren, A-type;Unaltered;Teles Pires Intrusive Suite;CL-yellow;4.4169;;0.00446294;;39.13811552;17.84198429;0.0028;0.391841971;0.10919886;0.40134637;0.159792232;0.108111835;5.675;319.6;4291.36;140481.89;391381.66;0.595;893.08;2.01;1283.43;2390.93;1.53;192.19;5.39;6.91;79.22;2118.74;0.61;2.78;19.16;1354.63;3300.66;414.54;2062.45;430.4;6.39;409.08;61.74;355.64;73.7;181.53;22.41;133.24;17.28;1.16;0.6;7.68;6.06;1.42;;
TP01_ap_4_6;TP01;Teles Pires Intrusive Suite;Barren, A-type;Unaltered;Teles Pires Intrusive Suite;CL-yellow;4.2557;;0.00790061;;38.77068825;17.97474326;0.0051;0.441278887;0.117098352;0.320344415;0.1513507;0.077933115;15.94;103.53;16384.03;129860.38;387707.38;2;775.05;7.11;1129.54;1221.27;0.79;200.89;14.89;2.42;70.69;2011.13;1.21;0.213;4.94;1529.44;3462.96;460.32;2026.93;423.51;6.91;372.62;58.72;346.36;66.59;175.33;21.08;126.9;13.97;2.82;0.38;6.2;5.76;1.45;;
BS07_ap_1_1;BS07;Luizão deposit;Igneous;Hydrothermal;Luizão deposit;CL-purple;3.3268;0.2524176;0.00114589;;38.63074999;17.29183324;0.0441;0.043062974;0.040891488;0.337928759;0.218030276;0.056156425;;;;;;;;;;;;;;;;;;;;;;;;;;;;;;;;;;;;;;;;
BS07_ap_1_2;BS07;Luizão deposit;Igneous;Hydrothermal;Luizão deposit;CL-purple;3.4835;0.030710808;;0.01632092;39.39740868;17.72829688;0.0295;0.100739376;0.04143361;0.05617221;0.005457152;;;;;;;;;;;;;;;;;;;;;;;;;;;;;;;;;;;;;;;;;
BS07_ap_2_1;BS07;Luizão deposit;Igneous;Hydrothermal;Luizão deposit;CL-purple;3.8663;0.154909616;;0.035906024;39.33415773;17.64677363;0.0408;0.137894794;0.040426812;0.200103322;0.07972558;0.10836904;;;;;;;;;;;;;;;;;;;;;;;;;;;;;;;;;;;;;;;;
BS07_ap_6_1;BS07;Luizão deposit;Igneous;Hydrothermal;Luizão deposit;CL-purple;4.1343;0.271021712;0.00458356;0.013576038;38.81156909;17.47198742;0.0233;0.022775183;0.05188882;0.379854394;0.219309296;0.08693529;;;;;;;;;;;;;;;;;;;;;;;;;;;;;;;;;;;;;;;;
BS07_ap_6_2;BS07;Luizão deposit;Igneous;Hydrothermal;Luizão deposit;CL-purple;4.5092;0.047865856;0.00174899;0.035312536;39.26118686;17.75046702;0.0135;0.234825351;0.016418552;0.087026221;0.06437734;0.076046945;;;;;;;;;;;;;;;;;;;;;;;;;;;;;;;;;;;;;;;;
BS07_ap_7_1;BS07;Luizão deposit;Igneous;Hydrothermal;Luizão deposit;CL-purple;4.0022;0.100406112;0.00398046;0.008828134;39.10959899;17.60265156;0.0193;0.055033548;0.04298253;0.124392952;0.079640312;0.06378684;;;;;;;;;;;;;;;;;;;;;;;;;;;;;;;;;;;;;;;;
BS07_ap_7_2;BS07;Luizão deposit;Igneous;Hydrothermal;Luizão deposit;CL-purple;4.0343;0.0923194;;0.010089296;39.07064784;17.65567659;0.0386;0.049514647;0.042750192;0.132045398;0.045447844;0.035751495;;;;;;;;;;;;;;;;;;;;;;;;;;;;;;;;;;;;;;;;
BS07_ap_7_3;BS07;Luizão deposit;Igneous;Hydrothermal;Luizão deposit;CL-purple;3.7522;0.06357184;0.00355829;0.008828134;39.4049845;17.58947168;0.0254;0.048892799;0.050649684;0.047380038;0.042122392;0.04029545;;;;;;;;;;;;;;;;;;;;;;;;;;;;;;;;;;;;;;;;
BS07_ap_7_4;BS07;Luizão deposit;Igneous;Hydrothermal;Luizão deposit;CL-purple;4.0752;0.117748136;;;39.22738155;17.58973353;0.0308;0.115197342;0.023543584;0.126753813;;0.041067065;;;;;;;;;;;;;;;;;;;;;;;;;;;;;;;;;;;;;;;;
BS07_ap_7_5;BS07;Luizão deposit;Igneous;Hydrothermal;Luizão deposit;CL-purple;4.2534;0.101013784;0.01121766;0.0148372;38.98917204;17.65964802;0.0043;0.380493245;0.040968934;0.099563207;0.05670322;0.06035744;;;;;;;;;;;;;;;;;;;;;;;;;;;;;;;;;;;;;;;;
BS07_ap_7_6;BS07;Luizão deposit;Igneous;Hydrothermal;Luizão deposit;CL-purple;4.0561;0.160238432;;0.007566972;39.15605449;17.64930486;0.0401;0.075943187;0.054676876;0.234539329;0.082965764;0.054270255;;;;;;;;;;;;;;;;;;;;;;;;;;;;;;;;;;;;;;;;
BS07_ap_8_1;BS07;Luizão deposit;Igneous;Hydrothermal;Luizão deposit;CL-purple;3.6136;0.35735788;0.02159098;0.036054396;39.31486083;17.06271274;0.0371;0.112321295;0.03446347;0.117554596;0.093197924;0.07150299;;;;;;;;;;;;;;;;;;;;;;;;;;;;;;;;;;;;;;;;
BS07_ap_10_1;BS07;Luizão deposit;Igneous;Hydrothermal;Luizão deposit;CL-purple;3.6315;0.074276216;0.01019239;0.03857672;39.77269765;17.7972076;0.0517;0.035367605;0.07318647;0.13595303;0.02899112;;;;;;;;;;;;;;;;;;;;;;;;;;;;;;;;;;;;;;;;;
BS07_ap_10_2;BS07;Luizão deposit;Igneous;Hydrothermal;Luizão deposit;CL-purple;3.8183;0.077174344;0.00199023;0.021810684;39.33580154;17.80580507;0.0533;0.015779393;0.071714996;0.117961641;;0.053069965;;;;;;;;;;;;;;;;;;;;;;;;;;;;;;;;;;;;;;;;
BS07_ap_10_3;BS07;Luizão deposit;Igneous;Hydrothermal;Luizão deposit;CL-purple;3.8973;0.043378432;0.00156806;0.015504874;39.7816314;17.94567768;0.0313;0.035989453;0.055916012;0.088165947;0.083306836;0.04269603;;;;;;;;;;;;;;;;;;;;;;;;;;;;;;;;;;;;;;;;
BS07_ap_10_4;BS07;Luizão deposit;Igneous;Hydrothermal;Luizão deposit;CL-purple;4.1194;0.046370048;0.0036186;0.0148372;39.52812731;18.28468874;0.0234;0.056821361;0.038800446;0.049008218;0.039905424;0.05332717;;;;;;;;;;;;;;;;;;;;;;;;;;;;;;;;;;;;;;;;
BS07_ap_10_5;BS07;Luizão deposit;Igneous;Hydrothermal;Luizão deposit;CL-purple;3.835;0.120646264;0.00012062;0.020920452;39.63325968;17.8522838;0.0341;0.110144827;0.050572238;0.106564381;0.03240184;0.068330795;;;;;;;;;;;;;;;;;;;;;;;;;;;;;;;;;;;;;;;;
BS-07_ap_5;BS07;Luizão deposit;Igneous;Hydrothermal;Luizão deposit;CL-purple;;;;;;;;;;;;;2.645;703.7;10354.35;107910.41;392800.34;0.325;744.54;11.63;460.87;1310.73;0.87;68.96;20.75;2.3;312.69;374.58;1.84;0.095;11.08;551.29;1235.15;153.5;679.18;132.81;17.4;110.67;13.48;66.63;15.76;37;5.14;37.14;4.88;0.9;0.085;17.65;29.57;49.78;;75.48
BS-07_ap_7;BS07;Luizão deposit;Igneous;Hydrothermal;Luizão deposit;CL-purple;;;;;;;;;;;;;69.53;996.32;430239.66;119.5;392800.34;47.84;2950.83;635.43;4250.03;207768.86;185.21;11.18;14.32;6.73;3665.31;77.79;0.6;0.215;13.6;39.75;82.14;8.8;31.37;20.51;6.15;14.61;2.65;21.22;3.21;5.03;0.375;2.845;0.38;2.02;0.495;39.02;0.21;7.52;;28.27
BS-07_ap_8;BS07;Luizão deposit;Igneous;Hydrothermal;Luizão deposit;CL-purple;;;;;;;;;;;;;;;;;;;;;;;;;;;;;;;;;;;;;;;;;;;;;;;;;;;;
BS-07_ap_9;BS07;Luizão deposit;Igneous;Hydrothermal;Luizão deposit;CL-purple;;;;;;;;;;;;;5.36;309.42;12817.85;112377.75;392800.34;0.38;748.6;20.88;433.88;1262.28;0.16;53.36;55.19;0.315;320.04;343.87;1.24;0.13;3.055;374.51;981.72;136.89;609.35;116.18;11.75;101.43;11.77;65.15;13.68;36.37;4.32;21.55;3.18;1.095;0.125;10.47;26.99;44.51;;103.04
BS-07_ap_10;BS07;Luizão deposit;Igneous;Hydrothermal;Luizão deposit;CL-purple;;;;;;;;;;;;;;;;;;;;;;;;;;;;;;;;;;;;;;;;;;;;;;;;;;;;
BS-07_ap_11;BS07;Luizão deposit;Igneous;Hydrothermal;Luizão deposit;CL-purple;;;;;;;;;;;;;;;;;;;;;;;;;;;;;;;;;;;;;;;;;;;;;;;;;;;;
BS-07_ap_12;BS07;Luizão deposit;Igneous;Hydrothermal;Luizão deposit;CL-purple;;;;;;;;;;;;;5.845;677.98;7905.94;114858.08;392800.34;0.37;717.44;13.56;566.55;2323.48;0.81;49.88;46.09;4.3;290.41;297.92;0.17;0.145;10.84;313.31;945.53;130.6;703.33;109.62;9.16;91.57;11.59;64.27;12.43;26.72;4.26;29.3;2.51;1.765;0.23;6.3;20.79;26.52;;36.27
BS-07_ap_13;BS07;Luizão deposit;Igneous;Hydrothermal;Luizão deposit;CL-purple;;;;;;;;;;;;;128.59;121100.7;2173581.5;866.6;392800.31;9.445;1128.25;7.69;106.68;4654.56;22.48;13.155;27.69;225.81;421.79;22.2;173.07;2.505;867.17;9.78;36.04;2.99;34.69;45.87;6.25;39.24;4.265;16.305;3.955;11.88;3.16;23.905;5.195;22.415;4.135;30.7;1.44;2.9;;
BS-07_ap_14;BS07;Luizão deposit;Igneous;Hydrothermal;Luizão deposit;CL-purple;;;;;;;;;;;;;8.85;38.19;2912.93;122727.68;392800.31;0.33;790.33;4.64;526.06;459.18;0.19;45.81;19.5;0.2;335.24;247.45;0.115;0.08;5.77;404.98;873.05;109.86;492.16;72.51;11.06;73.1;8.64;49.5;10.61;27.36;4.6;15.15;2.51;0.98;0.135;7.75;4.92;17.69;;26.04
BS-07_ap_15;BS07;Luizão deposit;Igneous;Hydrothermal;Luizão deposit;CL-purple;;;;;;;;;;;;;4.565;110.88;3738.04;120813.44;392800.28;0.4;840.27;6.47;317.88;550.43;0.195;31.93;573.08;0.35;356.75;265.68;1.18;0.125;2;208.37;560.34;79.25;407.53;75.76;12.04;62.45;7.99;40.37;8.7;25.92;2.68;15.54;2.61;1.415;0.21;13.42;23.79;29.46;;43.68
RA73_ap_1_1;RA73;Pé Quente deposit;Igneous;Unaltered;Pé Quente deposit (type 1);CL-yellow;3.3163;0.075070864;0.00012062;0.086204132;39.1991509;17.95824658;0.0513;0.052002039;0.0309784;0.164039135;0.076400128;0.065072865;6.89;7601.19;92017.18;113710.01;391991.84;0.71;880.47;11.51;500.95;578.07;0.78;62.63;7.48;2.53;767.69;248.64;13.81;0.2;32.59;437.49;1104.91;159.57;799.34;136.93;22.02;95.46;11.41;50.57;9.15;22.46;2;16.24;1.59;1.975;0.2;4;4.53;1.3;;6.23
RA73_ap_1_2;RA73;Pé Quente deposit;Igneous;Unaltered;Pé Quente deposit (type 1);CL-yellow;3.5089;0.022390376;;0.046292064;39.37239418;18.01855982;0.0604;0.175516598;0.06505464;0.107134244;0.043401412;0.032836505;32.15;87376.36;1306066.25;54951.73;393724.34;3.96;1299.73;12.18;310.46;2572.42;10.09;28.3;12.785;21.7;555.8;102.25;110.32;2.97;419.04;275.71;609.65;75.36;336.89;98.12;10.44;31.29;7.76;18.59;5.76;12.12;1.24;10.07;4.27;8.815;0.72;6.84;3.95;2.72;;37.4
RA73_ap_2_1;RA73;Pé Quente deposit;Igneous;Unaltered;Pé Quente deposit (type 1);CL-yellow;3.7153;0.094843576;0.00174899;0.120032948;39.11824686;17.79511278;0.0523;0.200701442;0.057155148;0.087189039;0.047835348;0.038666485;;;;;;;;;;;;;;;;;;;;;;;;;;;;;;;;;;;;;;;;
RA73_ap_3_1;RA73;Pé Quente deposit;Igneous;Unaltered;Pé Quente deposit (type 1);CL-yellow;3.5597;0.058383256;0.00156806;0.014911386;39.40019601;17.90862563;0.0506;0.021920142;0.04956544;0.08629354;0.02387504;0.07441798;5.33;818.6;5583.57;138675.3;394002.34;0.31;829.31;6.3;604.62;529.6;0.155;39.01;6.37;0.165;498.93;304.18;1.51;0.048;3.95;230.73;646.01;94.5;484.61;101.72;19.39;82.67;11.07;54.72;10.1;27.8;3.41;23.89;4.35;0.64;0.0925;3.09;7.34;3.4;;
RA73_ap_3_2;RA73;Pé Quente deposit;Igneous;Unaltered;Pé Quente deposit (type 1);CL-yellow;3.5417;0.079511544;0.00174899;0.09421622;39.4428636;17.83801287;0.0432;0.255812721;0.056690472;;;0.02863549;53.42;87130.6;929642.06;59291.42;394429;69.79;1477.82;142.85;4362.03;75790.38;28.45;17.345;17.695;17.22;351.55;106.94;95.6;4.03;381.86;83.68;164.93;28.81;134.43;28.34;7.18;12.01;5.43;24.54;5;9.49;2.33;14.48;2.025;16.24;2.23;20.59;2.58;1.72;;
RA73_ap_4_1;RA73;Pé Quente deposit;Igneous;Unaltered;Pé Quente deposit (type 1);CL-yellow;3.6609;0.077314576;0.00144744;0.097480404;39.72252571;17.49751799;0.0994;0.122270863;0.05111436;;;;4.42;330.75;9795.02;144478.52;397225.63;0.485;794.14;11.6;552.62;456.9;0.135;21.51;5.92;0.89;501.32;213.16;2.71;0.095;6.57;149.79;408.75;57.77;289.74;60.17;14.44;50.55;6.83;35.43;6.98;20.37;2.58;17.5;3.85;1.17;0.1355;6.1;5.34;3.4;;17.01
RA73_ap_5_1;RA73;Pé Quente deposit;Igneous;Unaltered;Pé Quente deposit (type 1);CL-yellow;3.4432;0.067404848;0.00621193;0.058829498;39.42914136;18.0315215;0.0604;0.074777222;0.059401082;0.017747162;;0.024091535;;;;;;;;;;;;;;;;;;;;;;;;;;;;;;;;;;;;;;;;
RA73_ap_5_2;RA73;Pé Quente deposit;Igneous;Unaltered;Pé Quente deposit (type 1);CL-yellow;3.5954;0.010891352;0.00156806;0.00445116;39.49117732;18.13534582;0.0303;0.131132197;0.070011184;0.048356946;;0.023920065;6.86;8760.37;136472.63;120394.48;394912.16;0.795;811.77;6.5;525.14;814.84;1.93;25.15;2.93;3.66;369.41;193.31;7.48;0.135;25.21;137.54;337.68;43.37;251;48.58;11.11;43.43;5.33;33.06;6;18.59;2.21;25.26;1.64;2.435;0.315;3.34;9.49;15.06;;68.21
RA73_ap_5_3;RA73;Pé Quente deposit;Igneous;Unaltered;Pé Quente deposit (type 1);CL-yellow;3.5837;0.086850352;;0.092435756;39.67664197;17.80148452;0.0541;0.113098605;0.080388948;0.015060665;0.0341072;0.061300525;;;;;;;;;;;;;;;;;;;;;;;;;;;;;;;;;;;;;;;;
RA73_ap_5_4;RA73;Pé Quente deposit;Igneous;Unaltered;Pé Quente deposit (type 1);CL-yellow;3.665;0.041695648;0.00102527;0.03004533;39.52369617;17.8926963;0.0471;0.056121782;0.059168744;0.033947553;0.027797368;0.02640638;14.115;3895.3;66507.02;157414.36;395237.41;1.295;766.09;7.76;517.95;421.7;0.795;14.48;5.58;0.815;464.19;195.9;10.09;0.41;14.64;179.75;484.58;66.16;325.09;78.78;13.83;47.26;6;31.54;6.66;13.59;2.67;13.21;1.39;2.835;0.425;4.79;2.76;1.59;;
RA73_ap_7_1;RA73;Pé Quente deposit;Igneous;Unaltered;Pé Quente deposit (type 1);CL-yellow;3.403;0.041976112;0.00030155;0.012166504;39.74932696;18.01890896;0.0483;0.070191093;0.048248858;;0.018588424;0.045182345;71.425;183513.36;2429481.5;1201.495;397493.69;14.53;1831.62;15.09;96.86;2189.44;23.29;36.35;21.39;53.86;207.78;9.08;200.02;9.74;796.17;11.67;25.12;4.36;31.62;22.77;7.61;15.005;2.075;6.065;2.475;6.255;3.17;14.275;3.145;14.435;3.045;4.305;0.81;;;
RA73_ap_7_2;RA73;Pé Quente deposit;Igneous;Unaltered;Pé Quente deposit (type 1);CL-yellow;3.5209;0.032814288;;0.039392766;39.76412125;18.47269848;0.0384;0.168287615;0.061492124;0.016363209;;0.014317745;;;;;;;;;;;;;;;;;;;;;;;;;;;;;;;;;;;;;;;;
RA73_ap_7_3;RA73;Pé Quente deposit;Igneous;Unaltered;Pé Quente deposit (type 1);CL-yellow;3.3049;0.054363272;;0.061055078;39.68207369;18.0756872;0.0355;0.02953778;0.058936406;0.040134637;0.004348668;0.036608845;;;;;;;;;;;;;;;;;;;;;;;;;;;;;;;;;;;;;;;;
FD20-7_ap_2_1;FD20-7;Pé Quente deposit;Igneous;Unaltered;Pé Quente deposit (type 1);CL-yellow;3.7387;0.034543816;0.0048248;0.038131604;39.55242711;18.1507078;0.007;0.181735078;0.078297906;0.085398041;0.056959024;0.04784013;;;;;;;;;;;;;;;;;;;;;;;;;;;;;;;;;;;;;;;;
FD20-7_ap_3_1;FD20-7;Pé Quente deposit;Igneous;Unaltered;Pé Quente deposit (type 1);CL-yellow;3.4705;0.046463536;0.00615162;0.109498536;39.53870487;17.834827;0.0192;0.081228895;0.068384818;0.111693148;0.032316572;0.0017147;2.31;804.13;2463.83;248241.19;395387.66;0.29;825.41;5.65;922.7;362.93;0.155;53.02;1.18;0.195;870.95;246.19;1.52;0.0615;15.67;296.43;869.43;132.57;747.45;146.71;23.41;89.45;11.17;47.46;9.7;20.73;2.27;11.87;1.39;2.07;0.092;3.27;1.97;0.93;;
FD20-7_ap_3_2;FD20-7;Pé Quente deposit;Igneous;Unaltered;Pé Quente deposit (type 1);CL-yellow;4.0625;0.010423912;;0.02336859;39.50690072;18.18522862;0.0112;0.024562996;0.096110486;0.109250878;0.016712528;0.016032445;5.13;157.73;2434.075;224436.25;395069.63;0.29;830.16;4.59;867.11;392.46;0.175;27.02;9.59;0.225;309.5;123.51;0.36;0.065;1.205;244.38;544.11;66.29;292.84;36.78;7.96;26.02;2.91;17.75;3.49;9.46;1.41;14.67;2.83;0.89;0.0685;5.17;10.02;14.53;;
FD20-7_ap_3_3;FD20-7;Pé Quente deposit;Igneous;Unaltered;Pé Quente deposit (type 1);CL-yellow;3.7162;0.044079592;0.00102527;0.04043137;39.27104972;18.11815087;0.0071;0.061252028;0.088985454;0.075303325;0.007759388;0.010030995;4.95;27.78;2681.95;212362.5;392711.13;0.32;849.39;10.36;841.44;260.16;0.175;46.56;1.3;0.16;751.91;174.99;0.97;0.076;1.6;348.11;866.66;119.79;645.6;125.94;18.86;79.36;9.41;44.72;7.46;20.05;1.75;11.9;2.27;0.88;0.23;3.84;3.3;1.28;;
FD20-7_ap_4_1;FD20-7;Pé Quente deposit;Igneous;Unaltered;Pé Quente deposit (type 1);CL-yellow;3.9132;0.019725968;0.00452325;0.016766036;39.89012286;18.14516527;0.0083;0.026584002;0.071714996;0.063824656;0.025409864;0.02709226;4.825;2855.67;309023.28;142.34;395708.06;32.36;300480.09;1211.6;3197.26;22565.72;12.83;74.49;3.74;0.96;78.56;148.86;344.5;635.42;44.95;457.39;859.56;92.84;400.84;51.14;64.93;41.21;4.61;20.4;3.54;12.4;1.99;20.92;4.69;59.08;3.86;67.37;286.58;194.78;;
FD20-7_ap_5_1;FD20-7;Pé Quente deposit;Igneous;Unaltered;Pé Quente deposit (type 1);CL-yellow;3.7591;0.065862296;0.0114589;0.082272274;39.66527824;17.79070494;0.0108;0.02254199;0.079459596;0.0569863;;0.009002175;;;;;;;;;;;;;;;;;;;;;;;;;;;;;;;;;;;;;;;;
