Sample_ID;Sample;Geological unit;Deposit;Nature;Zone;Na_pct;Al_pct;Si_pct;Mg_pct;Ca_pct;K_pct;Ti_pct;Fe_pct;Mn_pct;Ni_pct;Cr_pct;Li_ppm;Na_ppm;Mg_ppm;Al_ppm;Si_ppm;Si_ppm;P_ppm;K_ppm;Ca42_ppm;Ca44_ppm;Sc_ppm;Ti_ppm;V_ppm;Cr_ppm;Mn_ppm;Fe_ppm;Co_ppm;Ni_ppm;Cu_ppm;Zn_ppm;Ga_ppm;As_ppm;Se_ppm;Rb_ppm;Sr_ppm;Y_ppm;Zr_ppm;Nb_ppm;Mo_ppm;Cd_ppm;Sn_ppm;Cs_ppm;Ba_ppm;La_ppm;Ce_ppm;Pr_ppm;Nd_ppm;Sm_ppm;Eu_ppm;Gd_ppm;Tb_ppm;Dy_ppm;Ho_ppm;Er_ppm;Tm_ppm;Yb_ppm;Lu_ppm;Hf_ppm;Ta_ppm;W_ppm;Pb_ppm;Th_ppm;U_ppm
B6_mag_2_1;B6;X1;X1;Hydrothermal;Hydrothermal;0.012166504;0.00984405;0.002617664;0.00235209;0.0114352;0.009048744;0.202574429;71.12293223;0.057619824;;0.01635238;;;;;;;;;;;;;;;;;;;;;;;;;;;;;;;;;;;;;;;;;;;;;;;;;;;;;
PTO19_mag_4_1;PTO19;Francisco deposit (volcaniclastic);Francisco deposit;Hydrothermal;Hydrothermal;0.070402514;0.04583305;0.013228552;0.01966106;0.01486576;0.017516376;0.964851394;67.0520043;0.05072713;0.00746548;0.33443696;;;;;;;;;;;;;;;;;;;;;;;;;;;;;;;;;;;;;;;;;;;;;;;;;;;;;
PTO19_mag_5_1;PTO19;Francisco deposit (volcaniclastic);Francisco deposit;Hydrothermal;Hydrothermal;0.022849288;0.022175575;0.028560584;0.00174899;0.02115512;0.001743336;0.654005459;67.73121777;0.073031578;;0.42399874;;;;;;;;;;;;;;;;;;;;;;;;;;;;;;;;;;;;;;;;;;;;;;;;;;;;;
PTO19_mag_7_1;PTO19;Francisco deposit (volcaniclastic);Francisco deposit;Hydrothermal;Hydrothermal;0.061871124;0.2692824;0.329358224;0.03099934;0.04509757;0.023825592;0.027877215;64.94145218;0.27183546;0.006522472;3.3772112;;;;;;;;;;;;;;;;;;;;;;;;;;;;;;;;;;;;;;;;;;;;;;;;;;;;;
PTO19_mag_9_1;PTO19;Francisco deposit (volcaniclastic);Francisco deposit;Hydrothermal;Hydrothermal;0.020846266;0.01238445;0.158602392;0.00349798;0.02723007;0.01826352;;70.852817;0.028887358;0.023653784;0.0372889;;;;;;;;;;;;;;;;;;;;;;;;;;;;;;;;;;;;;;;;;;;;;;;;;;;;;
PTO19_mag_10_1;PTO19;Francisco deposit (volcaniclastic);Francisco deposit;Hydrothermal;Hydrothermal;0.010089296;0.0052925;0.018043184;0.00229178;;;0.235187773;67.70906444;0.126546764;;0.3790468;;;;;;;;;;;;;;;;;;;;;;;;;;;;;;;;;;;;;;;;;;;;;;;;;;;;;
PTO19_mag_13_1;PTO19;Francisco deposit (volcaniclastic);Francisco deposit;Hydrothermal;Hydrothermal;0.03486742;0.029796775;0.036039624;0.01043363;0.00943404;0.075876624;0.569354647;67.04889506;0.319000074;0.020117504;0.17330786;;;;;;;;;;;;;;;;;;;;;;;;;;;;;;;;;;;;;;;;;;;;;;;;;;;;;
PTO19_mag_15_1;PTO19;Francisco deposit (volcaniclastic);Francisco deposit;Hydrothermal;Hydrothermal;0.028116494;0.08309225;0.34169864;0.00229178;0.0014294;0.104932224;0.052696929;70.06889987;0.055296444;0.015245296;0.01799446;;;;;;;;;;;;;;;;;;;;;;;;;;;;;;;;;;;;;;;;;;;;;;;;;;;;;
PTO19_mag_17_1;PTO19;Francisco deposit (volcaniclastic);Francisco deposit;Hydrothermal;Hydrothermal;0.04302788;;0.171456992;;;0.073967256;0.034232021;70.04262679;0.032062644;;0.01498398;;;;;;;;;;;;;;;;;;;;;;;;;;;;;;;;;;;;;;;;;;;;;;;;;;;;;
PTO19_mag_19_1;PTO19;Francisco deposit (volcaniclastic);Francisco deposit;Hydrothermal;Hydrothermal;0.033606258;0.0218051;0.185012752;0.00084434;0.02530038;0.023991624;0.009052601;70.13124013;0.035470268;0.019803168;0.0304469;;;;;;;;;;;;;;;;;;;;;;;;;;;;;;;;;;;;;;;;;;;;;;;;;;;;;
GT-2_mag_1_1;GT-2;Pé Quente deposit;Pé Quente deposit;Transitional;Unaltered;0.019139988;0.049802425;0.021922936;0.01682649;0.03609235;;0.369118307;71.24341528;0.016341106;0.00432212;0.06992524;12.22;1230.87;3839.52;5936.72;2787.19;11300.36;563.39;243.92;7580.11;6608.7;3.04;5231.28;1399.19;735.11;703.24;712435.13;36.18;40.66;240.87;585.82;7.39;2.04;13.43;0.415;7.51;1.23;3.48;0.35;35.68;6.74;18.95;0.17;8.4;7.42;9;0.99;5.7;1.79;0.44;1.485;0.0925;1.18;0.215;0.385;0.27;1.145;0.21;1.015;0.265;1.575;1.35;0.69;0.25
GT-2_mag_1_2;GT-2;Pé Quente deposit;Pé Quente deposit;Transitional;Unaltered;0.006157438;0.2195329;0.011405536;;;;0.042325406;71.68959122;0.01122967;;0.00362626;;;;;;;;;;;;;;;;;;;;;;;;;;;;;;;;;;;;;;;;;;;;;;;;;;;;;
GT-2_mag_2_1;GT-2;Pé Quente deposit;Pé Quente deposit;Transitional;Unaltered;0.002670696;0.575241825;0.006403928;0.00934805;0.01136373;;2.023646005;67.6036612;0.015411754;0.019488832;0.18966024;3.58;913.25;957.48;3738.62;18326.95;4268.245;65.765;108.33;1464.99;1101.77;4.42;3081.01;2374.21;1762.89;278.71;676037.5;34.06;147.97;8.18;3232.01;4.73;1.62;9.64;0.32;3.97;0.11;2.06;0.102;0.96;3.055;9.43;0.095;13.74;0.125;0.17;0.155;0.805;0.92;0.205;1.035;0.13;0.945;0.135;0.495;0.171;0.84;0.145;0.705;0.31;0.76;0.96;;
GT-2_mag_3_1;GT-2;Pé Quente deposit;Pé Quente deposit;Transitional;Unaltered;;0.083568575;0.010564144;;0.01508017;;0.052996684;71.80377806;0.031985198;;0.00930512;;;;;;;;;;;;;;;;;;;;;;;;;;;;;;;;;;;;;;;;;;;;;;;;;;;;;
GT-2_mag_4_1;GT-2;Pé Quente deposit;Pé Quente deposit;Transitional;Unaltered;0.017136966;0.047262025;0.005796256;;0.00843346;;0.022002017;71.69899667;0.030668616;;0.0092367;10.13;249.85;2082.59;3102.72;7675.63;8902.56;107.48;61.93;584.08;453.44;0.405;276;1339.12;114.96;295.42;716990.94;35.95;24.19;5.7;353.25;3.35;1.68;11.07;0.265;1.9;0.111;0.48;0.1115;0.965;3.565;6.8;0.1;4.67;0.15;0.38;0.13;1.395;0.95;0.25;0.57;0.13;0.79;0.12;0.59;0.0985;0.655;0.13;0.39;0.185;0.725;1.3;0.0865;
GT-2_mag_5_1;GT-2;Pé Quente deposit;Pé Quente deposit;Transitional;Unaltered;;0.170577275;0.00560928;;;;1.194403773;70.19054888;0.052818172;0.01257344;;0.65;376.32;295.75;1641.88;6719.31;8188.24;47.66;53.08;3913.15;2899.94;0.88;5687.29;1260.34;18.51;259.72;701906.44;31.31;27.95;2.56;727.39;2.73;1.23;10.295;0.25;2.5;1.04;1.31;0.63;0.68;4.13;9.37;0.11;5.09;1.33;1.58;0.48;1.085;1.125;0.245;0.73;0.0635;0.66;0.18;0.545;0.125;0.455;0.145;0.435;0.16;0.565;2.33;0.2;0.77
PGD-01_mag_1_1;PGD-01;Francisco deposit (plutonic);Francisco deposit;Transitional;Unaltered;;0.010955475;0.01145228;0.00621193;0.00171528;;0.005815247;71.69954079;0.032604766;;0.0246312;;;;;;;;;;;;;;;;;;;;;;;;;;;;;;;;;;;;;;;;;;;;;;;;;;;;;
PGD-01_mag_2_1;PGD-01;Francisco deposit (plutonic);Francisco deposit;Transitional;Unaltered;;0.04625645;0.001729528;0.00826247;0.00886228;;0.302272942;70.52393714;0.281051534;0.029390416;0.02853114;0.805;196.39;86.4;2276.68;2369.98;4195.54;41.375;55.48;583.785;149.865;2.32;1192.7;1682.93;287.09;1262.82;705240.13;20.08;21.33;1.04;973.76;9.42;1.63;8.285;0.3;0.37;0.135;0.155;0.1025;0.74;5.57;1.54;0.17;3.27;0.165;0.175;0.11;1.96;1.13;0.35;1.47;0.125;1.045;0.155;0.435;0.14;0.62;0.175;0.685;0.0705;0.74;3.24;;
PGD-01_mag_2_2;PGD-01;Francisco deposit (plutonic);Francisco deposit;Transitional;Unaltered;;0.00391645;0.02126852;0.00385984;0.02122659;;0.010671278;71.72985588;0.041898286;0.001650264;0.00779988;0.86;1846.49;448.95;592.42;13450.38;4641.54;43.44;468.8;659.555;1363.71;0.51;229.09;1392.94;236.09;428.25;717299.38;18.24;14.48;3.05;96.25;6.94;1.875;8.68;0.41;5.98;0.165;2.35;0.18;1.115;4.055;49.62;0.21;16.74;0.19;0.6;0.145;2.125;1.5;0.235;0.665;0.17;0.91;0.215;0.435;0.16;0.825;0.22;0.645;0.23;0.74;1.285;0.1;
PGD-01_mag_3_1;PGD-01;Francisco deposit (plutonic);Francisco deposit;Transitional;Unaltered;0.023962078;0.06351;0.016407144;0.01797238;0.0064323;;0.009052601;71.67497779;0.049797778;;0.01621554;0.745;553.95;345.8;956.99;11099.62;3733.93;39.54;318.25;1178.56;394.94;0.375;239.05;1241.9;125.58;661.21;716750.63;18.34;17.45;6.07;602.01;7.19;1.39;7.43;5.75;2.1;0.98;0.33;0.0805;0.79;3.745;11.67;0.28;11.27;0.2;0.14;0.17;1.98;1.26;0.31;0.685;0.12;0.855;0.18;0.78;0.17;0.695;0.11;0.47;0.12;0.62;4.91;0.063;0.119
PGD-01_mag_4_1;PGD-01;Francisco deposit (plutonic);Francisco deposit;Transitional;Unaltered;0.028784168;0.02593325;0.00888136;;0.03752175;0.00332064;;71.7181185;0.042130624;;;0.81;197.13;73.36;478.55;2739.145;4941.31;1088.33;109.91;3450.4;3531.66;0.51;299.07;1244.75;81.02;404.09;717182.13;20.81;15.61;6.68;238.92;5.11;1.285;13.28;1.54;2.68;7.97;5.18;2.47;0.98;5.31;6.29;0.18;1.685;14.26;37.33;4.05;15.44;1.405;0.34;2.44;0.245;1.33;0.255;0.675;0.46;1.295;0.19;0.545;0.22;0.87;4.77;4.86;4.13
PGD-01_mag_5_1;PGD-01;Francisco deposit (plutonic);Francisco deposit;Transitional;Unaltered;;0.022598975;0.017388768;;0.0007147;;;71.62398625;0.039574906;;0.0253154;0.625;269.99;62.76;475.02;4294.61;3177.825;34.87;58.12;970.63;336.36;1.13;168.97;1039.22;142.57;431.33;716240.69;21.1;16.88;0.745;449.01;4.75;1.45;15.09;0.28;0.45;0.0875;0.23;0.059;0.51;2.27;6.71;0.14;0.96;0.145;0.16;0.1245;3.02;1.74;0.25;0.825;0.0735;0.755;0.0945;0.355;0.0885;0.36;0.115;1.56;0.145;0.585;0.99;0.045;
PGD-01_mag_6_1;PGD-01;Francisco deposit (plutonic);Francisco deposit;Transitional;Unaltered;0.024629752;0.0209583;;0.00560883;0.00150087;0.002822544;;72.07840168;0.031907752;;0.01861024;0.815;1662.79;432.52;831.59;9078.1;4238.5;41.585;106.53;607.615;1115.99;2.16;299.93;1120.42;166.65;640.76;720784.88;18.93;16.64;0.975;532.82;6.61;1.265;12.1;0.38;3.64;0.081;1.91;0.122;0.905;3.33;46.19;0.155;11.39;0.25;0.165;0.155;0.99;1.265;0.495;0.955;0.17;1.105;0.18;0.465;0.17;0.985;0.145;0.66;0.156;0.66;1.38;0.1115;
PGD-01_mag_7_1;PGD-01;Francisco deposit (plutonic);Francisco deposit;Transitional;Unaltered;0.014317898;0.55624175;0.017435512;0.0114589;0.00300174;0.005313024;0.086149587;70.14966238;0.121822558;;0.03537314;0.625;184.94;113.95;959.84;1781.01;3272.465;33.12;11.845;457.65;118.865;4.94;438.97;1328.4;293.52;598.65;701497.5;17.62;17.29;0.84;1443.71;6.65;1.64;10.085;0.275;0.99;0.072;0.53;0.108;0.53;2.705;10.66;0.0695;1.235;0.13;0.2;0.13;0.82;0.69;0.285;1;0.135;0.74;0.165;0.485;0.109;0.54;0.17;0.645;0.135;0.615;1.055;;
PGD-01_mag_7_2;PGD-01;Francisco deposit (plutonic);Francisco deposit;Transitional;Unaltered;0.016469292;0.01259615;;;0.00814758;;0.012949416;71.14430825;0.053670078;;0.01518924;;;;;;;;;;;;;;;;;;;;;;;;;;;;;;;;;;;;;;;;;;;;;;;;;;;;;
PGD-01_mag_9_1;PGD-01;Francisco deposit (plutonic);Francisco deposit;Transitional;Unaltered;0.00890232;0.006827325;0.008741128;0.00735782;0.02022601;;;71.65842109;0.044066774;0.011237512;0.03106268;0.51;107.9;14.955;259.47;5215.04;2844;27.67;10.64;409.215;102.905;0.31;106.75;886.89;181.71;318.87;716585.19;15.42;13.04;0.44;175.3;4.13;1.255;9.15;0.26;0.55;0.183;0.16;0.1025;0.695;1.515;6.1;0.096;0.72;0.115;0.17;0.107;1.195;1.01;0.165;1.16;0.095;0.71;0.125;0.265;0.145;0.53;0.12;0.66;0.11;0.84;0.625;0.05;0.048
PGD-01_mag_10_1;PGD-01;Francisco deposit (plutonic);Francisco deposit;Transitional;Unaltered;;0.07631785;0.006731136;0.00765937;0.03880821;0.004316832;;72.00782193;0.03291455;0.019488832;0.02572592;1.73;5430.44;1973.86;2501.14;23671.43;30388.15;47.22;867.35;3792.21;4191.28;0.445;183.08;1199.09;156.85;327.47;720079.19;18.1;17.98;7.74;585.92;6.98;1.44;9.51;22.21;12.94;4.18;11.09;0.62;0.745;4.925;24.4;0.155;38.52;2.64;2.5;0.34;1.75;1.21;0.41;0.995;0.1105;1.235;0.165;0.605;0.195;0.77;0.31;0.535;0.18;0.785;16.37;1.49;2.77
PGD-01_mag_11_1;PGD-01;Francisco deposit (plutonic);Francisco deposit;Transitional;Unaltered;;0.017200625;0.00911508;;0.01136373;;;71.71057859;0.027183546;0.016816976;0.02948902;0.73;220.52;117.64;583.59;2165.485;4052.65;42.295;125.09;567.78;313.1;0.44;246.74;1016.22;144.17;452.54;717106.75;16;19.61;0.795;441.99;5.43;1.13;14.675;0.91;0.3;0.081;0.33;0.105;0.62;2.375;1.185;0.0935;1.77;1.72;1.68;0.14;1.12;1.345;0.395;0.86;0.13;0.84;0.11;0.48;0.17;1.115;0.185;0.595;0.155;0.925;0.98;5.14;0.039
PGD-01_mag_13_1;PGD-01;Francisco deposit (plutonic);Francisco deposit;Transitional;Unaltered;0.009569994;0.00984405;0.00654416;;0.00564613;;;71.55084138;0.023311246;0.000314336;0.02175756;1.81;924.53;944.58;1420.01;20783.19;4526.625;99.82;128.13;645.94;890.71;0.505;424.24;1024.31;217.29;464.11;715509.44;10.97;17.29;4.15;410.08;6.25;1.94;17.2;0.37;3.8;0.53;0.71;0.12;0.81;2.725;28.73;0.185;10;0.23;0.92;0.175;1.275;0.77;0.34;1.1;0.19;0.835;0.205;0.39;0.245;0.95;0.215;0.965;0.235;0.965;1.375;;0.117
PGD-01_mag_12_1;PGD-01;Francisco deposit (plutonic);Francisco deposit;Transitional;Unaltered;0.011647202;0.0222285;0.011405536;;;;0.012289955;71.35457061;0.04375699;0.015795384;0.01053668;0.615;303.38;81.76;276.3;8463.27;3383.965;37.5;87.34;476.83;124.645;0.345;185.27;879.3;127.27;381.47;713546.75;13.98;22.04;1.71;70.28;9.25;1.315;10.215;0.28;0.78;0.1055;0.69;0.086;0.51;2.765;2.39;0.145;1.125;0.145;0.165;0.135;0.92;0.78;0.175;0.865;0.165;0.49;0.145;0.655;0.155;0.805;0.17;0.49;0.14;0.98;0.57;;
RA69_mag_2_1;RA69;Pé Quente deposit;Pé Quente deposit;Hydrothermal;Hydrothermal;0.055787872;0.443776125;0.043658896;0.00633255;0.0664671;;3.91360128;61.92859862;0.062189138;;0.0112893;5.54;65663.61;4474.81;5977.71;199259.55;163569.05;99.5;1144.03;37607.72;42809.89;11.27;44315.83;382.04;17.44;632.32;619286.94;6.93;11.34;6.54;4496.33;22.32;1.895;12.245;4.86;45.45;3;49.25;10.1;7.07;2.675;33.83;0.29;55.02;8.4;10.36;1.09;2.15;1.455;0.35;1.445;0.22;3.11;0.285;0.62;0.205;1.14;0.21;1.9;0.56;2.99;62.2;0.27;1.1
RA69_mag_3_1;RA69;Pé Quente deposit;Pé Quente deposit;Hydrothermal;Hydrothermal;0.144069212;0.4979184;0.078436432;;0.05617542;0.016354152;4.557415069;61.14188317;0.106255912;0.003614864;0.00916828;1.94;22455.37;1664.53;5027.45;87576.55;79848.8;267.52;625.03;19470.66;20630.21;12.75;48305.28;852.33;98.76;1106.43;611419.81;7.98;27.5;7.39;5943.05;21.38;2.22;15.205;2.02;30.18;9.08;35.49;24.24;5.71;4.565;30.66;0.18;46.9;64.62;90.98;10.51;30.21;5.48;0.75;1.51;0.275;3.11;0.54;1.74;0.22;1.71;0.205;0.805;0.82;1.105;756.76;1.1;7.71
RA69_mag_3_2;RA69;Pé Quente deposit;Pé Quente deposit;Hydrothermal;Hydrothermal;0.143846654;0.32527705;0.04627656;0.00084434;0.04273906;0.013033512;4.300525034;61.25218346;0.089295238;0.014066536;;2.8;19110.13;2288.38;1943.56;74563;77895.75;87.83;476.02;16671.92;17057.25;5.43;13210.5;196.81;79.92;792.33;612522.81;7.69;13.09;0.9;1121.25;9.6;2.1;14.91;2.04;50.21;6.8;41.25;8.8;2.85;3.705;17.31;0.125;64.11;10.73;14.97;2.14;7.29;1.315;0.42;1.115;0.21;1.22;0.56;0.705;0.3;0.9;0.145;0.615;0.13;1.9;139.09;1.84;1.06
RA69_mag_4_1;RA69;Pé Quente deposit;Pé Quente deposit;Hydrothermal;Hydrothermal;0.069512282;0.332951175;0.047865856;;0.03466295;0.00954684;4.641286518;61.82350631;0.077523446;;0.00800514;1.58;2111.21;169.17;5419.1;12254.96;4723.91;83.91;131.93;2409.32;1728.98;11.29;50502.86;961.39;62.09;918.25;618236;8.67;32.8;3.9;6664.72;23.45;1.985;13.14;0.32;8.04;2.39;14.95;24.09;9.1;3.22;30.99;0.18;16.06;17.84;28.59;3.06;11.84;0.93;0.385;1.22;0.175;2.11;0.215;0.46;0.235;0.775;0.225;0.5;0.7;1.28;264.7;;4.37
RA69_mag_4_2;RA69;Pé Quente deposit;Pé Quente deposit;Hydrothermal;Hydrothermal;0.273227038;0.667331325;0.897858752;0.44098672;0.06282213;0.024572736;0.7673728;62.76063125;0.24240598;;0.00834724;16.25;3466.13;2892.36;6374.85;15497.99;13658.86;65.905;193.29;3363.55;2587;7.36;33103.44;447.08;49.32;1423.6;627607.31;8.64;15.15;5.04;4100.25;20.39;1.39;15.015;0.255;22.22;3.4;12.24;21.12;6.28;3.29;21.14;0.1085;23.55;14.25;14.77;2.39;8.35;0.805;0.305;1.87;0.5;1.32;0.27;0.395;0.175;0.665;0.19;0.47;0.58;0.64;193.29;0.19;1.51
RA69_mag_5_1;RA69;Pé Quente deposit;Pé Quente deposit;Hydrothermal;Hydrothermal;0.093400174;0.3584081;0.045996096;0.00458356;0.04102378;;4.42738135;62.06983585;0.103932532;0.0019646;0.00882618;;;;;;;;;;;;;;;;;;;;;;;;;;;;;;;;;;;;;;;;;;;;;;;;;;;;;
RA69_mag_5_2;RA69;Pé Quente deposit;Pé Quente deposit;Hydrothermal;Hydrothermal;0.10200575;0.33522695;0.052306536;0.00946867;0.07375704;0.00705636;4.432537136;61.30931575;0.108501846;;0.013684;;;;;;;;;;;;;;;;;;;;;;;;;;;;;;;;;;;;;;;;;;;;;;;;;;;;;
RA69_mag_6_1;RA69;Pé Quente deposit;Pé Quente deposit;Hydrothermal;Hydrothermal;0.087316922;0.4949546;0.122843232;0.01230324;0.05152987;;4.42078674;61.30923802;0.143197654;;0.00745778;1.43;3297.35;395.4;5840.72;18185.66;18185.13;62.685;248.94;3877.42;3677.77;11.58;46593.29;887.9;55.69;797.4;613093.38;7.61;32.14;3.93;4438.54;18.2;1.53;15.305;0.94;20.35;1.23;13.66;20.29;6.31;3.645;26.72;0.155;21.95;9.83;3.98;1.61;5.21;2.17;0.65;0.795;0.155;0.81;0.16;0.415;0.14;0.5;0.14;0.485;0.84;0.535;468.23;0.19;0.41
RA69_mag_6_2;RA69;Pé Quente deposit;Pé Quente deposit;Hydrothermal;Hydrothermal;0.068844608;0.5000354;0.057635352;0.00717689;0.05181575;0.005063976;4.472104796;61.96917421;0.092238186;;0.02401542;1.94;13800.35;731.5;5608.73;36203.72;26504.17;614.83;195.85;6333.94;6636.99;13.06;47249.18;847.7;57.32;786.78;619692.69;8.5;23.91;3.99;4974.22;17.76;1.32;10.46;0.9;17.4;2.31;18.4;20.37;5.75;3.305;28.5;0.25;17.8;8.8;10.28;1.61;4.37;0.95;0.175;1.49;0.105;2.1;0.15;0.42;0.11;0.9;0.145;0.615;0.77;0.68;116.1;0.62;0.59
RA69_mag_7_1;RA69;Pé Quente deposit;Pé Quente deposit;Hydrothermal;Hydrothermal;0.076856696;0.48934455;0.030056392;;0.01393665;;4.48913088;62.30248473;0.062498922;;;0.75;6950.84;660.25;4663.29;2095.16;4310;76.045;425;5303.73;4640.74;13.64;52875.29;904.35;44.3;907.69;623025.81;7.99;32.43;8.95;4408.01;17.76;1.89;15.64;1.29;12.12;3.82;43.65;25.09;5.85;3.57;26.7;0.195;45.61;33.53;52.57;5.51;20.97;4.48;0.33;2.32;0.18;0.935;0.195;0.44;0.21;0.745;0.19;0.835;0.73;3.02;418.06;0.7;17.12
RA69_mag_8_1;RA69;Pé Quente deposit;Pé Quente deposit;Hydrothermal;Hydrothermal;0.105937608;0.4176841;0.032814288;;0.02830212;0.005562072;4.501420835;61.66695608;0.081937868;;;;;;;;;;;;;;;;;;;;;;;;;;;;;;;;;;;;;;;;;;;;;;;;;;;;;;;
RA69_mag_9_1;RA69;Pé Quente deposit;Pé Quente deposit;Hydrothermal;Hydrothermal;0.052968804;0.51136135;0.022717584;0.00084434;0.03516324;;4.541707907;61.73885725;0.076594094;0.000628672;;3.2;13236.57;1217.28;5158.05;2296.49;51071.55;1128.57;310.25;11412.08;12116.33;10.63;45081.66;757.51;61.2;924.25;617389.5;9.57;31.72;2.43;5320.19;20.93;2.345;18.595;1.37;32.67;11.49;33.58;24.29;5.29;4.86;27.78;0.16;25.13;14.65;34.03;4.86;21.45;1.49;0.45;4;0.42;1.93;0.76;1.22;0.17;0.855;0.41;2.51;0.28;1.115;119.92;1.3;2.98
RA69_mag_10_1;RA69;Pé Quente deposit;Pé Quente deposit;Hydrothermal;Hydrothermal;0.0630581;0.4765367;0.048473528;0.00687534;0.03537765;0.0083016;3.884884751;62.89176345;0.07705877;0.005579464;0.0174471;;;;;;;;;;;;;;;;;;;;;;;;;;;;;;;;;;;;;;;;;;;;;;;;;;;;;
RA69_mag_12_1;RA69;Pé Quente deposit;Pé Quente deposit;Hydrothermal;Hydrothermal;0.04636625;0.526444975;0.03295452;0.00741813;0.01536605;;4.472284649;62.17710463;0.080388948;;0.02285228;2.13;19566.2;2058.79;6477.87;55869.75;87138.89;129.34;524.44;15762.56;17330.63;12.04;45887.63;902.63;74.29;787.82;621772;9.55;25.02;3.48;4554.65;23.51;1.75;27.62;0.745;25.36;2.89;26.26;21.14;2.03;7.47;32.03;0.145;23.85;2.92;6.19;1.26;6.31;3.24;0.6;0.985;0.295;0.88;0.315;0.875;0.34;1.22;0.39;1.18;0.355;2.05;55.33;0.49;0.53
RA69_mag_14_1;RA69;Pé Quente deposit;Pé Quente deposit;Hydrothermal;Hydrothermal;0.071515304;0.455313775;0.0455754;;0.0385938;0.003237624;4.504598238;61.27153848;0.079459596;0.014695208;0.0064999;;;;;;;;;;;;;;;;;;;;;;;;;;;;;;;;;;;;;;;;;;;;;;;;;;;;;
RA69_mag_15_1;RA69;Pé Quente deposit;Pé Quente deposit;Hydrothermal;Hydrothermal;0.15356502;0.37862545;0.072873896;;0.08690752;0.004233816;4.254542617;60.73208534;0.112529038;0.022553608;0.00656832;;;;;;;;;;;;;;;;;;;;;;;;;;;;;;;;;;;;;;;;;;;;;;;;;;;;;
RA24_mag_2_1;RA24;Pé Quente deposit;Pé Quente deposit;Magmatic;Hydrothermal;0.034570676;0.076264925;0.012807856;0.00790061;0.06510917;0.02822544;0.183150305;70.18339763;0.02091042;;0.00540518;;;;;;;;;;;;;;;;;;;;;;;;;;;;;;;;;;;;;;;;;;;;;;;;;;;;;
RA24_mag_2_2;RA24;Pé Quente deposit;Pé Quente deposit;Magmatic;Hydrothermal;0.020326964;0.08245715;0.021548984;;;0.035779896;0.127455826;70.40127762;0.013320712;0.014695208;;;;;;;;;;;;;;;;;;;;;;;;;;;;;;;;;;;;;;;;;;;;;;;;;;;;;;
RA24_mag_4_1;RA24;Pé Quente deposit;Pé Quente deposit;Magmatic;Hydrothermal;0.0074186;0.12352695;0.01238716;0.00174899;0.02444274;;0.077276839;70.61527107;0.015798984;;0.01888392;1.69;530.67;134.15;1034.1;1045.555;2700.19;155.8;55.41;2399.2;531.46;1.62;858.79;648.59;82.72;153.3;706153.69;11.72;15.05;0.785;480.71;18.2;0.895;9.315;0.25;0.58;3.09;0.19;0.0755;0.76;2.99;1.98;0.203;1.89;0.3;0.53;0.176;2.3;0.665;0.46;0.65;0.0845;0.61;0.1155;0.96;0.119;0.485;0.135;0.44;0.1105;1.03;0.555;0.079;0.076
RA24_mag_4_2;RA24;Pé Quente deposit;Pé Quente deposit;Magmatic;Hydrothermal;0.00408023;0.11950465;0.009068336;;0.00485996;0.011539224;0.074399191;71.11593644;0.025015058;0.002278936;0.01142614;1.61;559.73;149.43;1339.46;1068.655;9761.16;273.8;88.43;2557.1;1049.28;2.79;948.55;885.26;117.59;277.1;711160.31;16.29;20.83;0.645;524.46;36.93;1.745;13.23;0.265;0.74;2.26;0.31;0.0935;0.845;3.47;2.3;0.108;1.96;0.31;0.42;0.151;0.77;1.15;0.235;0.68;0.13;0.58;0.27;0.375;0.094;0.405;0.1175;0.535;0.106;1.13;0.69;0.034;
RA24_mag_10_1;RA24;Pé Quente deposit;Pé Quente deposit;Magmatic;Hydrothermal;;0.131412775;0.010891352;0.00265364;0.00879081;0.011871288;0.098139787;71.11795744;0.071172874;;0.01601028;2.54;548.65;130.95;1444.87;1346.575;3813.675;934.82;17.55;712.945;1875.86;2.77;940.03;878.93;111.09;499.98;711180.56;21.74;24.76;0.785;538.47;56.22;1.67;14.705;0.275;1.38;6.32;0.63;0.145;0.755;3.79;3.79;0.117;4.66;1.25;1.9;0.51;3.19;0.845;0.365;0.74;0.34;1.64;0.135;1.04;0.185;0.725;0.115;0.84;0.165;0.75;1.065;0.035;0.033
RA24_mag_11_1;RA24;Pé Quente deposit;Pé Quente deposit;Magmatic;Hydrothermal;0.031825794;0.10172185;0.003412312;0.0090465;0.01886808;;0.092024785;70.93940934;0.023388692;0.0078584;0.01217876;2.33;896.4;311.59;1368.55;1565.34;4170.625;77.65;53.7;770.885;625.26;4.88;1076.16;947.09;138.22;238.7;709395.06;14.77;20.53;1.045;712.4;29.34;1.925;17.915;0.31;0.37;0.108;1.51;0.17;0.91;4.905;3.06;0.195;1.64;0.29;0.14;0.097;2.015;1.05;0.43;1.13;0.205;0.745;0.205;0.71;0.16;0.96;0.2;0.315;0.135;0.815;0.77;0.036;
RA24_mag_12_1;RA24;Pé Quente deposit;Pé Quente deposit;Magmatic;Hydrothermal;0.025074868;0.043451425;0.006684392;0.0006031;0.02008307;;0.020203487;71.00190506;0.009448412;0.006522472;0.02141546;;;;;;;;;;;;;;;;;;;;;;;;;;;;;;;;;;;;;;;;;;;;;;;;;;;;;
RA24_mag_13_1;RA24;Pé Quente deposit;Pé Quente deposit;Magmatic;Hydrothermal;0.045327646;0.10680265;0.016968072;0.01224293;0.00907669;0.004814928;0.129194405;71.00656892;0.016418552;0.033633952;0.0191576;0.6;1438.99;413.53;1521.48;5059.41;2671.695;134.57;14.195;609.575;205.445;1.17;1337.84;883.57;158.4;232.36;710066.5;16.57;17.1;4.28;536.4;44.68;1.825;16.02;0.225;1.66;2.59;0.98;0.072;0.42;3.045;7.28;0.0995;3.91;0.37;0.52;0.0865;0.805;0.66;0.235;0.585;0.069;0.66;0.121;0.325;0.1005;0.35;0.1025;0.365;0.1;0.47;3.79;0.093;
TP01_mag_1_1;TP01;Teles Pires Intrusive Suite;Teles Pires Intrusive Suite;Magmatic;Unaltered;;0.001111425;0.04767888;;0.01836779;;0.305570247;70.13753634;0.107572494;;;;;;;;;;;;;;;;;;;;;;;;;;;;;;;;;;;;;;;;;;;;;;;;;;;;;;;
TP01_mag_2_1;TP01;Teles Pires Intrusive Suite;Teles Pires Intrusive Suite;Magmatic;Unaltered;0.009495808;0.03990545;0.037535432;0.00114589;0.01272166;;0.548431748;70.55448543;0.1665089;;;3.45;49.17;78.16;821.51;1684.095;3392.215;48.18;56.83;649.475;398.74;1.48;16790.05;403.43;13.54;4798.6;705546.06;12.29;7.17;1.96;1006.1;60.51;1.705;10.42;2.71;1.94;10.7;5.4;1.69;33.65;2.67;259.14;0.3;17.92;4.59;4.87;1.15;4.18;0.77;0.2;1.94;0.35;2.44;0.175;0.56;0.145;1.45;0.125;1.26;0.15;0.62;127.21;0.56;4.19
TP01_mag_3_1;TP01;Teles Pires Intrusive Suite;Teles Pires Intrusive Suite;Magmatic;Unaltered;0.009495808;0.042181225;0.033936144;0.00144744;0.04524051;;0.119362441;69.1906173;0.01897427;;0.00253154;1.64;74.9;152.48;1329.74;1816.27;3623.77;50.275;90.49;6183.12;5427.84;3;7772.69;361.29;7.21;499.27;691907.38;15.96;4.95;2.7;630.08;60.58;1.74;12.09;2.78;6.23;94.12;20.84;17.85;24.53;2.57;120.63;1.56;19.4;46.25;79.77;9.38;36.95;8.42;0.355;5.46;1.91;10;3.44;8.23;7.23;8.39;1.51;0.535;0.43;1.76;223.54;12.52;20.02
TP01_mag_4_1;TP01;Teles Pires Intrusive Suite;Teles Pires Intrusive Suite;Magmatic;Unaltered;0.00408023;0.008626775;0.021175032;;0.06403712;0.001494288;0.241062971;71.53793804;0.0464676;;0.00061578;8.13;138.78;26.265;208.69;2050.285;4087.94;58.81;40.14;785.435;772.57;2.12;71843.38;468;17.82;18427.42;715380.69;16.23;1.19;5.18;843.83;45.55;1.855;12.275;0.355;0.34;17.66;4.38;52.96;21.34;2.755;95.95;0.15;1.23;7.28;16.65;2.58;10.51;2.21;0.22;3.1;0.45;2.32;0.45;1.37;0.155;0.74;0.58;0.68;1.71;1.045;0.905;1.32;0.83
TP01_mag_5_1;TP01;Teles Pires Intrusive Suite;Teles Pires Intrusive Suite;Magmatic;Unaltered;0.012759992;0.022387275;0.07549156;0.01043363;0.05353103;;2.656189006;64.40230997;0.19167885;0.000314336;0.00492624;0.535;137.04;64.71;400.73;1473.915;5970.61;539.39;76.69;2570.9;1563.55;2.35;23379.96;500.87;21.28;1839.78;644024.19;9.29;4.06;0.67;144.98;21.29;1.39;7.53;0.25;3.77;28.06;22.95;5.51;13.77;1.785;109.61;0.1005;11.77;45.25;62.08;9.21;37.04;8.54;0.56;8.12;1.06;4.23;1.26;3.45;0.35;4.08;0.85;0.61;0.3;0.52;278.64;11.04;9.45
TP01_mag_7_1;TP01;Teles Pires Intrusive Suite;Teles Pires Intrusive Suite;Magmatic;Unaltered;0.025000682;0.10045165;0.02641036;0.00609131;0.01079197;;0.670731788;70.43773346;0.297315194;;0.00348942;2.4;81.38;65.63;1956.22;1526.645;3034.835;139.43;140.46;1186.9;378.66;0.99;58602.35;451.58;11.95;6776.74;704378.5;15.87;6.71;6.08;2210.89;44.3;1.555;7.75;1.29;2.42;21.12;7.92;69.79;26.97;2.8;244.47;0.31;4.78;22.31;22.45;4.22;14.94;2.92;0.43;4.01;0.61;4.7;1.22;3.74;0.35;0.78;0.55;1.15;2.03;0.81;169.22;3.99;5.02
TP01_mag_8_1;TP01;Teles Pires Intrusive Suite;Teles Pires Intrusive Suite;Magmatic;Unaltered;0.008086274;0.01683015;0.07315436;0.00265364;0.03916556;0.001743336;0.565997391;68.75711151;0.161552356;0.001650264;0.00123156;1.68;147.73;90.26;397.44;4870.1;3746.895;54.545;47.92;715.41;1828.63;0.455;5632.13;586.91;26.98;1064.04;687572.19;8.82;2.77;0.81;131.45;15.76;1.62;10.53;1.65;4.94;6.45;5.12;3.85;43.82;2.82;72.04;0.135;8.03;16.34;27;3.65;13.01;1.155;0.32;1.79;0.55;0.935;0.39;0.475;0.215;2.04;0.175;0.595;0.226;0.86;146.02;0.06;7.13
TP01_mag_10_1;TP01;Teles Pires Intrusive Suite;Teles Pires Intrusive Suite;Magmatic;Unaltered;0.008753948;0.0347188;0.026737568;0.00084434;;;1.17683813;69.26049747;0.43292314;0.002907608;0.00485782;0.605;275.37;143.08;823.66;1618.21;7971.98;43.745;110.39;587.425;495.14;7.02;18061.72;488.9;16.45;4794.94;692606.06;9.57;2.93;2.48;1249.24;36.77;1.69;8.245;1.56;6.84;46.7;16.82;1.52;8.07;3.375;92.89;0.12;18.05;42.4;63.76;7.7;25.88;5.91;0.26;5.33;1.05;7.69;1.17;6.27;0.88;4.06;0.63;1.01;0.11;0.65;742.54;3.95;17.33
TP01_mag_11_1;TP01;Teles Pires Intrusive Suite;Teles Pires Intrusive Suite;Magmatic;Unaltered;0.025074868;0.04413945;0.084980592;;0.07904582;;0.175896234;68.97709024;0.025634626;0.003300528;0.00424204;4.56;490.36;835.5;2690.33;33522.16;22372.09;48.7;292.56;15632.49;16506.3;11.03;17492.65;618.34;40.98;702.96;689771.94;10.78;8.04;2.33;571.52;19.85;1.795;8.725;7.46;11.35;274.95;31.33;156;28.27;3.8;108.62;2.85;23.26;56.73;158.92;29.03;138.13;36.87;2.29;39.61;6.94;47.37;8.37;23.43;3.3;26.81;3.75;2.71;4.52;3.3;246.96;7.09;18.75
TP01_mag_12_1;TP01;Teles Pires Intrusive Suite;Teles Pires Intrusive Suite;Magmatic;Unaltered;0.019585104;0.035089275;0.078576664;0.00958929;0.00564613;;0.147239656;67.8004761;0.037251526;;0.00006842;1.72;253.01;95.73;1316.22;1534.16;2988.965;42.61;100.62;569.545;439.01;3.16;17840.04;497.83;20.76;3018.66;678005.81;7.14;3.29;1.69;2044.28;22.87;1.75;8.44;0.27;4.83;9.92;0.14;0.078;14.6;2.635;120.16;0.12;9.28;10.99;26.57;3.07;13.51;2.8;0.33;1.32;0.51;3.83;0.59;0.97;0.12;2.1;0.1025;0.425;0.0795;0.6;395.48;0.031;12.67
TP01_mag_13_1;TP01;Teles Pires Intrusive Suite;Teles Pires Intrusive Suite;Magmatic;Unaltered;0.013576038;0.0110084;0.030757552;0.00030155;0.0385938;;0.13429024;70.67947687;0.029119696;0.005579464;;4.11;1150.33;511.26;531.41;14510.14;11252.03;1998.33;194.9;6434.59;6593.69;1.19;20353.84;450.63;36.63;4996.27;706795.88;9.45;3.69;0.865;1172.97;15.45;1.325;9.41;2.09;10.22;97.26;1.35;1.04;5.27;3.44;75.47;0.125;11.93;83.61;157.56;21.07;92.72;21.84;0.74;19.14;2.28;17.31;3.37;8.75;1.19;10.11;1.75;0.81;0.1125;0.515;189.2;3.91;5.33
RA73_mag_1_1;RA73;Pé Quente deposit;Pé Quente deposit;Magmatic;Unaltered;;;;;;;;71.06580858;;;;1.7;22083.89;4292.24;2252.14;64490.57;87315.36;109.33;912.87;22676.48;15454.47;1.22;1085.36;1180.15;96.51;1111.11;710659.13;38.69;15.3;2.45;1191.98;56.05;1.685;12.795;2.02;10.93;0.14;11.59;0.13;0.935;4.725;7.13;0.145;26.1;1.53;1.48;0.42;1.19;1.585;0.31;1.575;0.195;0.93;0.26;0.7;0.195;0.98;0.195;1.97;0.23;1.285;1.125;0.117;
RA73_mag_2_1;RA73;Pé Quente deposit;Pé Quente deposit;Magmatic;Unaltered;;0.16247975;0.013509016;0.00030155;0.02229864;;0.110609595;70.81255235;0.123836154;;0.00944196;;;;;;;;;;;;;;;;;;;;;;;;;;;;;;;;;;;;;;;;;;;;;;;;;;;;;
RA73_mag_3_1;RA73;Pé Quente deposit;Pé Quente deposit;Magmatic;Unaltered;0.012834178;0.0787524;0.01191972;;0.00242998;;0.08932699;71.06976422;0.079614488;;0.00608938;1.15;2563.67;475.11;1219.4;1418.22;12656.86;60.88;172.89;1594.88;2050.91;0.335;1417.51;1002.48;46.29;948.45;710698.69;22.66;16.23;0.685;724.04;18.36;0.91;6.91;0.55;1.3;0.07;1.36;0.075;0.665;3.25;6.19;0.12;3.86;0.34;0.21;0.0875;1.06;0.76;0.295;0.435;0.1245;0.61;0.13;0.41;0.168;0.575;0.14;0.695;0.115;2.4;1.38;;
RA73_mag_4_1;RA73;Pé Quente deposit;Pé Quente deposit;Magmatic;Unaltered;0.01557906;0.173594;0.005422304;0.00379953;0.00686112;;0.149517794;70.85087373;0.152103944;0.037877488;0.00246312;1.25;1872.42;440.6;1833.06;9545.2;6594.76;58.165;136.3;1831.39;1536.01;0.74;1104.18;1528.87;109.6;889.27;708509.88;20.55;13.19;0.62;905.27;14.42;1.045;5.835;0.225;1.86;0.0565;1.04;0.096;0.465;2.1;5.21;0.1085;5.17;0.115;0.37;0.107;1.12;0.62;0.15;0.745;0.0715;0.385;0.13;0.405;0.125;0.44;0.115;0.53;0.135;1.65;0.57;;0.041
RA73_mag_5_1;RA73;Pé Quente deposit;Pé Quente deposit;Magmatic;Unaltered;;0.1678781;0.008039968;0.00814185;0.01029168;;0.175476577;70.89665729;0.164882534;;0.00095788;;;;;;;;;;;;;;;;;;;;;;;;;;;;;;;;;;;;;;;;;;;;;;;;;;;;;
RA73_mag_6_1;RA73;Pé Quente deposit;Pé Quente deposit;Magmatic;Unaltered;;0.19296455;0.015238544;;;;0.264024204;70.68826048;0.196790286;;0.00506308;0.595;2678.63;610;2052.6;2029.08;9926.49;87.04;200.14;3650.95;2594.9;1.96;3520.2;1076.44;209.24;1880.06;706883.69;36.15;18.22;2.09;1609.6;46.21;2.175;11.515;0.86;2.25;0.15;1.88;0.16;0.995;7.41;4.34;0.149;4.34;0.29;0.31;0.115;0.735;1.16;0.275;0.805;0.135;0.51;0.14;0.7;0.25;0.955;0.185;0.53;0.19;6.79;1.065;0.23;
RA73_mag_6_2;RA73;Pé Quente deposit;Pé Quente deposit;Magmatic;Unaltered;0.010831156;0.124320825;0.00607672;;0.01315048;;0.182910501;71.20773675;0.18277256;0.007151144;0.01559976;1.85;17694.85;4469;2551.46;59846.54;70202.23;106.515;837.4;13500.59;13345.58;2.18;1037.48;1156.73;294.05;696.77;712078.44;31.05;20.15;2.86;1114.62;31.72;2.03;11.68;2.27;9.65;1;15.16;0.155;1.235;4.325;16.12;0.2;33.14;6.79;2.74;1.07;2.72;1.725;0.215;1.27;0.24;1.28;0.225;0.905;0.15;0.925;0.27;0.725;0.15;12.16;10.3;0.104;0.3
RA73_mag_6_3;RA73;Pé Quente deposit;Pé Quente deposit;Magmatic;Unaltered;;0.134799975;0.013462272;0.00114589;0.01193549;;0.120981118;71.0418588;0.134059026;;;1.15;2011.12;398.5;1408.56;4927.89;7833.99;62.22;107.47;2313.34;1437.55;1.07;1020.56;1091.08;135.83;987.67;710419.63;29.84;16.9;0.675;1307.09;39.58;1.575;6.56;0.22;2.29;0.0755;1.3;0.106;0.585;2.945;2.77;0.14;4.23;0.13;0.24;0.13;0.615;1.5;0.26;1.01;0.14;0.61;0.12;0.295;0.125;1.05;0.11;0.385;0.18;12.13;0.73;;0.051
RA73_mag_6_4;RA73;Pé Quente deposit;Pé Quente deposit;Magmatic;Unaltered;0.008753948;0.07610615;0.007525784;;0.01972572;;0.153894217;71.10039024;0.177041556;;0.01491556;;;;;;;;;;;;;;;;;;;;;;;;;;;;;;;;;;;;;;;;;;;;;;;;;;;;;
RA73_mag_8_1;RA73;Pé Quente deposit;Pé Quente deposit;Magmatic;Unaltered;0.016840222;0.114582625;0.015238544;;0.01265019;0.004233816;0.092564344;71.48710196;0.100137678;;0.00944196;1.52;3015.47;565.51;1682.49;5855.31;13146.88;740.55;140.21;3895.67;3734.83;0.97;930.74;1194.21;131.03;717.52;714872.13;36.05;17.65;0.71;1521.55;40.49;1.145;7.495;0.3;8.83;0.93;1.12;0.084;0.635;2.33;3.29;0.115;9.43;2.24;1.41;0.175;0.94;0.625;0.25;0.85;0.19;0.865;0.15;0.605;0.14;1.015;0.115;0.4;0.16;5.38;1.135;0.051;0.3
RA73_mag_9_1;RA73;Pé Quente deposit;Pé Quente deposit;Magmatic;Unaltered;0.013501852;0.136705275;0.005328816;;;0.0062262;0.094842482;70.92432952;0.11345839;0.001335928;0.01833656;;;;;;;;;;;;;;;;;;;;;;;;;;;;;;;;;;;;;;;;;;;;;;;;;;;;;
RA73_mag_10_1;RA73;Pé Quente deposit;Pé Quente deposit;Magmatic;Unaltered;0.012166504;0.067161825;0.011592512;;0.0114352;;0.153774315;71.21449935;0.122519572;0.011080344;0.00677358;0.665;3107.63;694.11;1362.04;8807.81;4604.07;4666.87;141.54;10326.26;10497.89;0.47;799.61;1328.19;117.2;813.07;712146.06;37.27;15.35;1.81;453.91;45.16;1.795;7.935;0.325;32.91;0.97;2.1;0.135;0.48;3.755;1.585;0.195;7.43;23.27;23.32;5.13;17.12;1.315;0.43;1.74;0.165;1.025;0.21;0.635;0.19;1.06;0.26;0.745;0.165;1.205;7.6;0.36;0.71
RA73_mag_11;RA73;Pé Quente deposit;Pé Quente deposit;Magmatic;Unaltered;;0.117863975;0.003833008;0.00379953;0.08018934;;0.112647929;71.12814021;0.1084244;;0.01799446;1.42;1120.73;305.23;2170.13;1795.655;12958.14;384.6;95;3164.81;2664.11;3.65;3381.85;1080.01;166.46;2271.19;711282.44;41.06;18.99;1.7;1724.44;60.8;1.635;6.495;0.27;4.25;0.145;0.81;0.154;1.59;1.63;4.5;0.135;1.355;1.59;2.09;0.23;1.33;1.93;0.33;0.86;0.145;0.395;0.19;0.755;0.175;0.515;0.2;0.405;0.145;11.4;1.86;;0.147
RA73_mag_13_1;RA73;Pé Quente deposit;Pé Quente deposit;Magmatic;Unaltered;0.002003022;0.245836625;0.013602504;0.00524697;0.00757582;;0.195020603;70.94990302;0.229704836;0.013673616;0.00738936;1.58;9494.93;1830.99;2541.96;44296.62;34067.5;139.81;879.24;8551.77;7773.76;0.405;1362.47;1377.3;993.01;1607.82;709500.13;53.11;53.71;8.3;959.68;73.36;1.115;6.135;0.85;8.84;0.125;5.25;0.13;1.57;2.02;1.07;0.1;19.97;0.75;1.05;0.145;1.76;0.7;0.345;0.655;0.0635;1.37;0.15;0.47;0.155;0.965;0.125;0.36;0.145;105.19;0.725;;0.23
RA73_mag_13_2;RA73;Pé Quente deposit;Pé Quente deposit;Magmatic;Unaltered;0.002003022;0.079122875;0.003926496;0.00434232;;;0.103835132;71.47520912;0.119886408;;0.00909986;;;;;;;;;;;;;;;;;;;;;;;;;;;;;;;;;;;;;;;;;;;;;;;;;;;;;
RA73_mag_13_3;RA73;Pé Quente deposit;Pé Quente deposit;Magmatic;Unaltered;0.005415578;0.121886275;0.015004824;;0.02044042;0.002988576;0.054075802;71.88586199;0.07434816;0.027661568;;1.45;2326.43;458.02;1526.2;16810.16;10549.77;14998;99.44;41191.17;39077.84;0.82;1608.67;1262.44;369.95;1272.54;711086.63;40.66;26.92;2.2;1113.42;56.06;1.41;6.79;0.29;45.77;7.63;1.34;0.09;0.62;3.675;3.17;0.1;6.17;6.44;16.29;2.06;14.66;3.21;0.31;4;0.155;0.845;0.145;1.99;0.14;2.08;0.175;0.66;0.155;27.03;3.02;1.48;1.57
RA73_mag_13_4;RA73;Pé Quente deposit;Pé Quente deposit;Magmatic;Unaltered;0.011424644;0.122838925;0.008226944;0.01188107;0.03673558;;0.321157507;70.52005059;0.228388254;0.006522472;0.0150524;;;;;;;;;;;;;;;;;;;;;;;;;;;;;;;;;;;;;;;;;;;;;;;;;;;;;
RA73_mag_14_1;RA73;Pé Quente deposit;Pé Quente deposit;Magmatic;Unaltered;;0.210906125;0.004861376;;0.01586634;;0.129254356;71.04932097;0.152878404;0.029233248;0.010263;2.42;17384.2;3851.65;2733.7;45004.71;77422.13;78.255;806.16;13991.47;13919.16;2.3;1394.13;1553.94;215.05;1463.06;710494.31;37.72;19.86;1.25;1367.81;43.72;1.905;7.12;2.3;8.33;0.9;13.22;1.34;1.32;2.955;5.67;0.195;27.13;2.72;3.28;0.245;1.855;1.215;0.43;1.26;0.235;1.175;0.24;0.755;0.135;0.48;0.285;1.005;0.17;18.52;55.61;7.04;1.76
RA73_mag_14_2;RA73;Pé Quente deposit;Pé Quente deposit;Magmatic;Unaltered;0.022923474;0.060810825;0.009255312;0.00205054;0.06067803;0.00498096;0.095801698;70.88204386;0.076206864;;0.02996796;;;;;;;;;;;;;;;;;;;;;;;;;;;;;;;;;;;;;;;;;;;;;;;;;;;;;
VU20-4_mag_1_1;VU20-4;Francisco deposit (vulcaniclastic);Francisco deposit;Magmatic;Unaltered;0.00927325;0.082933475;0.149534056;0.02629516;0.02065483;0.019010664;4.700038498;62.76894847;0.036244728;0.03064776;0.01224718;;;;;;;;;;;;;;;;;;;;;;;;;;;;;;;;;;;;;;;;;;;;;;;;;;;;;
VU20-4_mag_2_1;VU20-4;Francisco deposit (vulcaniclastic);Francisco deposit;Magmatic;Unaltered;;0.155652425;0.05656024;0.00693565;0.02801624;;2.492342923;65.43201253;0.031675414;0.010451672;0.0020526;;;;;;;;;;;;;;;;;;;;;;;;;;;;;;;;;;;;;;;;;;;;;;;;;;;;;
VU20-4_mag_3_1;VU20-4;Francisco deposit (vulcaniclastic);Francisco deposit;Magmatic;Unaltered;0.000667674;0.315909325;0.038610544;0.02014354;0.02165541;0.000747144;2.569739664;64.98093953;0.065286978;0.002907608;0.00670516;;;;;;;;;;;;;;;;;;;;;;;;;;;;;;;;;;;;;;;;;;;;;;;;;;;;;
VU20-4_mag_4_1;VU20-4;Francisco deposit (vulcaniclastic);Francisco deposit;Magmatic;Unaltered;0.0259651;0.375926275;0.246855064;0.00687534;0.03173268;0.039681648;2.874170842;64.6631752;0.057774716;0.01728848;0.00998932;;;;;;;;;;;;;;;;;;;;;;;;;;;;;;;;;;;;;;;;;;;;;;;;;;;;;
VU20-4_mag_4_2;VU20-4;Francisco deposit (vulcaniclastic);Francisco deposit;Magmatic;Unaltered;;0.11908125;0.04767888;0.00687534;0.03723587;;3.10126523;64.69823189;0.044066774;;0.03742574;;;;;;;;;;;;;;;;;;;;;;;;;;;;;;;;;;;;;;;;;;;;;;;;;;;;;
VU20-4_mag_5_1;VU20-4;Francisco deposit (vulcaniclastic);Francisco deposit;Magmatic;Unaltered;;0.1208807;0.138689448;;0.02873094;0.023576544;2.489045618;66.1235075;0.040814042;0.02082476;;;;;;;;;;;;;;;;;;;;;;;;;;;;;;;;;;;;;;;;;;;;;;;;;;;;;;
VU20-4_mag_11_1;VU20-4;Francisco deposit (vulcaniclastic);Francisco deposit;Magmatic;Unaltered;0.01928836;0.341842575;0.077174344;0.01923889;0.02580067;;3.212114629;64.08376833;0.067532912;0.015009544;0.01731026;;;;;;;;;;;;;;;;;;;;;;;;;;;;;;;;;;;;;;;;;;;;;;;;;;;;;
VU20-4_mag_11_2;VU20-4;Francisco deposit (vulcaniclastic);Francisco deposit;Magmatic;Unaltered;;0.0734599;0.295141616;0.01176045;0.04481169;0.019010664;2.48077238;65.71192186;0.057619824;;0.05897804;;;;;;;;;;;;;;;;;;;;;;;;;;;;;;;;;;;;;;;;;;;;;;;;;;;;;
VU20-4_mag_11_3;VU20-4;Francisco deposit (vulcaniclastic);Francisco deposit;Magmatic;Unaltered;0.011350458;0.08468;0.109100496;0.01700742;0.02923123;0.004482864;2.190489638;65.80885241;0.06699079;;0.02955744;;;;;;;;;;;;;;;;;;;;;;;;;;;;;;;;;;;;;;;;;;;;;;;;;;;;;
VU20-4_mag_13_1;VU20-4;Francisco deposit (vulcaniclastic);Francisco deposit;Magmatic;Unaltered;;0.107173125;0.064600208;0.00404077;0.02987446;;2.473518309;65.33026265;0.045538248;;0.00417362;;;;;;;;;;;;;;;;;;;;;;;;;;;;;;;;;;;;;;;;;;;;;;;;;;;;;
VU20-4_mag_13_2;VU20-4;Francisco deposit (vulcaniclastic);Francisco deposit;Magmatic;Unaltered;0.018620686;0.266794925;0.048940968;0.02122912;0.03230444;;2.644918218;64.26410425;0.043292314;0.005815216;0.03256792;;;;;;;;;;;;;;;;;;;;;;;;;;;;;;;;;;;;;;;;;;;;;;;;;;;;;
VU20-4_mag_15_1;VU20-4;Francisco deposit (vulcaniclastic);Francisco deposit;Magmatic;Unaltered;;0.28674765;0.061281384;0.01779145;0.01558046;0.012784464;2.744077172;64.79446286;0.055683674;;0.00396836;;;;;;;;;;;;;;;;;;;;;;;;;;;;;;;;;;;;;;;;;;;;;;;;;;;;;
VU20-4_mag_15_2;VU20-4;Francisco deposit (vulcaniclastic);Francisco deposit;Magmatic;Unaltered;0.004599532;0.0766354;0.110736536;0.01773114;0.04731314;;4.259698403;63.00882633;0.06621633;;0.00082104;;;;;;;;;;;;;;;;;;;;;;;;;;;;;;;;;;;;;;;;;;;;;;;;;;;;;
VU20-4_mag_15_3;VU20-4;Francisco deposit (vulcaniclastic);Francisco deposit;Magmatic;Unaltered;0.00333837;0.390956975;0.054830712;0.01200169;0.02958858;0.004233816;3.436331369;63.96973695;0.047784182;;0.01648922;;;;;;;;;;;;;;;;;;;;;;;;;;;;;;;;;;;;;;;;;;;;;;;;;;;;;
FD20-7_mag_1_1;FD20-7;Pé Quente deposit;Pé Quente deposit;Magmatic;Unaltered;0.013501852;;0.009068336;0.00235209;0.01093491;0.000498096;;71.65057026;0.038025986;0.012652024;0.0150524;;;;;;;;;;;;;;;;;;;;;;;;;;;;;;;;;;;;;;;;;;;;;;;;;;;;;
FD20-7_mag_2_1;FD20-7;Pé Quente deposit;Pé Quente deposit;Magmatic;Unaltered;0.016172548;0.017306475;;;0.00586054;;;71.2893543;0.059091298;;0.01525766;;;;;;;;;;;;;;;;;;;;;;;;;;;;;;;;;;;;;;;;;;;;;;;;;;;;;
FD20-7_mag_2_2;FD20-7;Pé Quente deposit;Pé Quente deposit;Magmatic;Unaltered;0.002670696;0.00603345;0.004019984;;0.00293027;0.000747144;0.017325839;71.52985401;0.06660356;;0.00403678;;;;;;;;;;;;;;;;;;;;;;;;;;;;;;;;;;;;;;;;;;;;;;;;;;;;;
FD20-7_mag_3_1;FD20-7;Pé Quente deposit;Pé Quente deposit;Magmatic;Unaltered;;;0.007899736;;0.02329922;0.00871668;;71.75068778;0.070940536;0.005815216;0.00779988;;;;;;;;;;;;;;;;;;;;;;;;;;;;;;;;;;;;;;;;;;;;;;;;;;;;;
FD20-7_mag_3_2;FD20-7;Pé Quente deposit;Pé Quente deposit;Magmatic;Unaltered;;0.002169925;0.00046744;0.00753875;0.01307901;;;71.31329545;0.055916012;;0.00827882;;;;;;;;;;;;;;;;;;;;;;;;;;;;;;;;;;;;;;;;;;;;;;;;;;;;;
FD20-7_mag_3_3;FD20-7;Pé Quente deposit;Pé Quente deposit;Magmatic;Unaltered;0.0148372;0.0287912;0.008554152;;;0.0062262;0.015767113;71.33591517;0.062189138;;0.00909986;;;;;;;;;;;;;;;;;;;;;;;;;;;;;;;;;;;;;;;;;;;;;;;;;;;;;
FD20-7_mag_5_1;FD20-7;Pé Quente deposit;Pé Quente deposit;Magmatic;Unaltered;0.018843244;0.015824575;0.000093488;0.00114589;0.0114352;;0.104854299;71.15006035;0.08983736;0.017524232;0.00848408;;;;;;;;;;;;;;;;;;;;;;;;;;;;;;;;;;;;;;;;;;;;;;;;;;;;;
FD20-7_mag_5_2;FD20-7;Pé Quente deposit;Pé Quente deposit;Magmatic;Unaltered;;;0.0081802;0.00289488;0.02208423;;;71.45803057;0.065906546;0.0019646;0.01341032;;;;;;;;;;;;;;;;;;;;;;;;;;;;;;;;;;;;;;;;;;;;;;;;;;;;;
FD20-7_mag_6_1;FD20-7;Pé Quente deposit;Pé Quente deposit;Magmatic;Unaltered;0.0074186;0.003651825;;0.00289488;0.00414526;;0.001438824;71.19864222;0.08635229;;0.00403678;0.695;899.21;246.74;275.16;79190.18;4051.94;53.18;130.39;539.765;753.2;0.42;25.73;678.48;58.73;685.61;711987.38;26.63;12.06;1.045;81.56;11.82;1.91;11.39;0.24;3.16;0.121;1.61;0.143;0.955;4.055;13.11;0.195;10.05;0.22;0.37;0.31;1.36;1.305;0.42;0.945;0.13;0.975;0.35;0.28;0.0915;0.79;0.25;0.715;0.16;1.16;1.465;;
FD20-7_mag_7_1;FD20-7;Pé Quente deposit;Pé Quente deposit;Magmatic;Unaltered;;0.0209583;0.013882968;;0.00850493;;0.001139069;71.45966292;0.126856548;;0.0058157;0.54;672.84;257.64;347.6;216406.16;3030.585;45.72;94.86;988.36;578.31;0.33;433.52;693.5;57.16;1969.5;714597.63;30.29;10.77;0.665;439.31;31.16;1.075;12.83;0.255;2.1;0.0595;0.71;0.14;0.64;2.12;13.29;0.115;9;0.125;0.13;0.151;0.915;0.785;0.25;0.73;0.145;0.415;0.115;0.475;0.125;0.545;0.17;0.43;0.0555;0.49;0.4;0.046;
FD20-7_mag_7_2;FD20-7;Pé Quente deposit;Pé Quente deposit;Magmatic;Unaltered;;0.010532075;0.006263696;0.0072372;0.01164961;;0.027037901;71.30194672;0.203063412;;0.00978406;0.545;241.99;95.62;212.69;64665.61;3533.98;47.9;35.62;493.065;134.925;0.41;105.52;696.25;61.39;1657.92;713020.38;33.64;12.22;0.79;248.43;25.91;1.28;6.46;0.305;0.52;0.0705;0.2;0.0945;0.83;3.87;8.01;0.106;1.255;0.23;0.14;0.125;1.085;1.02;0.295;0.95;0.27;0.775;0.118;0.445;0.185;0.65;0.145;0.71;0.145;0.955;0.605;;
FD20-7_mag_7_3;FD20-7;Pé Quente deposit;Pé Quente deposit;Magmatic;Unaltered;0.01075697;0.011484725;;0.00753875;0.00414526;;;71.20703717;0.126469318;0.014223704;0.02107336;0.51;446.73;238.35;385.1;111985.73;3351.225;44.165;74.71;1199.43;388.8;0.34;64.01;636.12;52.34;1314.33;712071.19;32.9;12.83;0.825;380.97;30.55;0.925;8.715;0.26;2.04;0.1155;0.62;0.0735;1.22;3.7;8.67;0.155;7.96;0.14;0.12;0.13;1.035;1.12;0.18;1.04;0.165;0.655;0.16;0.46;0.125;0.62;0.155;0.49;0.165;0.64;0.815;0.052;0.05
FD20-7_mag_9_1;FD20-7;Pé Quente deposit;Pé Quente deposit;Magmatic;Unaltered;0.012092318;0.02529815;0.000327208;;0.00414526;;0.02877648;71.15682294;0.10261595;;0.00691042;2.97;2703.31;1043.95;1059.33;16503.77;15302.03;46.435;275.96;2464.09;1906.63;0.46;127.16;680.3;71.7;828.04;711569;25.94;12.37;0.81;106;14.55;1.68;9.395;1.11;10.16;0.135;3.7;0.114;0.905;4.065;27.68;0.145;19.82;0.21;0.46;0.19;0.835;0.505;0.32;1.045;0.135;0.835;0.185;0.585;0.255;0.56;0.23;0.95;0.16;0.82;0.745;;0.039
FD20-7_mag_9_2;FD20-7;Pé Quente deposit;Pé Quente deposit;Magmatic;Unaltered;;0.01090255;0.006824624;;0.00293027;;;71.6446627;0.057464932;;0.00862092;0.67;2523.81;786.37;744.26;210529.55;11282.31;264.86;223;3319.71;2494.84;0.43;167.12;657.74;47.42;657.4;716447.56;23.6;11.36;0.715;94.81;12.05;1.38;9.04;0.4;9.64;0.133;3.57;0.0965;0.59;4.64;22.3;0.105;20.21;0.72;1.32;0.17;2.83;1.05;0.52;1.08;0.165;0.96;0.225;0.425;0.115;0.88;0.18;0.57;0.165;0.6;0.945;0.038;
FD20-7_mag_8_1;FD20-7;Pé Quente deposit;Pé Quente deposit;Magmatic;Unaltered;0.01409534;0.010002825;;;0.00993433;0.002739528;0.009532209;71.27132071;0.21878495;;0.01395768;0.475;377.65;107.21;386.67;128384.41;2613.33;32.625;87.56;374.135;310.66;0.295;127.34;709.01;41.18;2047.83;712714.13;37.39;11.26;1.01;401.91;30.32;1.295;5.305;0.74;1.06;0.0845;0.2;0.0785;0.575;2.525;9.29;0.12;5.15;0.125;0.36;0.115;0.545;0.71;0.21;0.61;0.13;0.665;0.13;0.285;0.105;0.665;0.14;0.44;0.075;0.655;0.835;0.061;
FD20-7_mag_15_1;FD20-7;Pé Quente deposit;Pé Quente deposit;Magmatic;Unaltered;;0.014554375;0.011358792;0.00379953;0.00921963;;;71.09712554;0.134291364;;0.0037631;1.05;1162.14;280.54;13.025;155595.28;2066.83;23.385;131.99;1315.62;906.46;0.245;105.3;714.65;59.45;1254.49;710972.19;26.13;10.51;12.85;313.99;28.96;0.945;5.15;0.19;4.64;0.072;1.62;0.067;0.55;1.675;23.65;0.1;9.04;0.1;0.38;0.085;0.935;0.515;0.215;0.425;0.095;0.5;0.16;0.285;0.11;0.36;0.098;0.355;0.063;0.62;1.33;;0.05
FD20-7_mag_16_1;FD20-7;Pé Quente deposit;Pé Quente deposit;Magmatic;Unaltered;;0.010002825;;;0.03058916;;;71.69922986;0.088210994;0.032376608;0.00697884;1.565;1554.76;338.85;455.97;277802.03;7161.2;88.13;196.9;1107.285;1040.39;0.835;107.24;836.98;52.58;1032.65;716993.13;34.91;15.05;2.15;208.04;35.64;2.945;12.455;0.425;4.74;0.092;1.74;0.23;1.97;6.435;38.6;0.355;8.8;0.385;0.46;0.235;2.055;1.755;0.55;1.615;0.275;0.64;0.28;0.82;0.28;1.22;0.53;0.82;0.39;1.42;3.28;0.12;
FD20-7_mag_16_2;FD20-7;Pé Quente deposit;Pé Quente deposit;Magmatic;Unaltered;0.012759992;0.006351;0.01332204;;0.01650957;0.006973344;0.009532209;71.46269443;0.064047842;0.020117504;0.00814198;0.705;4364.51;1120.07;872.21;109582.62;15899.23;175.32;355.42;3584.61;3940.39;0.45;129.02;785.57;47.85;787.08;714627.81;31.08;11.38;0.885;104.47;28.32;1.605;11.495;1.34;14;0.34;5.77;0.095;0.985;4.985;80.77;0.165;30.35;0.91;1.03;0.28;2.24;1.02;0.225;0.935;0.24;1.31;0.2;0.41;0.2;0.98;0.215;0.97;0.14;0.825;2.35;0.128;0.1205
